Country Name,Country Code,Income Group,Indicator Name,Indicator Code,1990,1991,1992,1993,1994,1995,1996,1997,1998,1999,2000,2001,2002,2003,2004,2005,2006,2007,2008,2009,2010,2011,2012,2013,2014,2015,2016,2017,2018
Afghanistan,AFG,Low income,CO2 emissions (metric tons per capita),EN.ATM.CO2E.PC,0.238472916,0.206030281,0.098719116,0.085985605,0.076131454,0.069020116,0.062588034,0.056826618,0.053197499,0.04065273,0.037054937,0.037487865,0.0486709,0.057008038,0.045699608,0.06392697,0.073392946,0.087083129,0.158356378,0.211306251,0.297065212,0.407073503,0.335351023,0.263715761,0.234036914,0.232175631,0.208857196,0.203327569,0.200151071
Albania,ALB,Upper middle income,CO2 emissions (metric tons per capita),EN.ATM.CO2E.PC,1.840840616,1.258115765,0.689859284,0.641405614,0.667178794,0.611710204,0.621836957,0.470097809,0.575350085,0.955359308,1.026213109,1.052228093,1.229101183,1.352144481,1.417273358,1.351491805,1.353362203,1.420867288,1.414847553,1.47565225,1.572250938,1.734823308,1.579091995,1.654524278,1.806788541,1.759987059,1.714126173,1.948872038,1.939731563
Algeria,DZA,Lower middle income,CO2 emissions (metric tons per capita),EN.ATM.CO2E.PC,2.635596776,2.535561112,2.447801991,2.658535391,2.535995092,2.540181463,2.439998203,2.448645025,2.468804597,2.532050158,2.531711792,2.377310115,2.524241794,2.598549059,2.596647581,2.684487229,2.786777459,2.942022144,2.994189217,3.191554214,3.144747525,3.222459523,3.387554626,3.406123235,3.566208834,3.674232947,3.535019927,3.505747662,3.591657418
American Samoa,ASM,Upper middle income,CO2 emissions (metric tons per capita),EN.ATM.CO2E.PC,,,,,,,,,,,,,,,,,,,,,,,,,,,,,
Andorra,AND,High income,CO2 emissions (metric tons per capita),EN.ATM.CO2E.PC,7.521831658,7.23537924,6.9630787,6.724177518,6.541578914,6.733479486,6.99159455,7.307441152,7.63953851,7.923191648,7.952286282,7.721549062,7.566240292,7.242415961,7.344262295,7.353780223,6.790542626,6.531046661,6.439303601,6.156687702,6.157198001,5.850885991,5.944654058,5.942800545,5.807127618,6.026181837,6.080600298,6.104133927,5.97340536
Angola,AGO,Lower middle income,CO2 emissions (metric tons per capita),EN.ATM.CO2E.PC,0.534250026,0.533109052,0.503264464,0.527722889,0.495417829,0.773025567,0.792321385,0.7887532,0.740253652,0.79725864,0.754476372,0.761842805,0.777423086,0.993848349,1.028353667,0.937036692,1.00943404,1.123635278,1.155992846,1.205901589,1.221514741,1.216316979,1.204798883,1.261541742,1.285364553,1.260920989,1.227702942,1.0343173,0.887380364
Antigua and Barbuda,ATG,High income,CO2 emissions (metric tons per capita),EN.ATM.CO2E.PC,3.358226856,3.472057826,4.49898385,3.800720617,3.720182735,3.931733458,3.98996808,4.183691969,4.507026865,4.419208828,4.341705369,4.532974149,4.98097014,5.169522513,4.978406163,5.033021532,5.319470471,5.474300539,5.621003818,16.02434779,5.566284221,5.714285714,7.96398509,5.136050705,5.18571336,5.236665206,5.289885738,5.239717055,5.504663385
Argentina,ARG,Upper middle income,CO2 emissions (metric tons per capita),EN.ATM.CO2E.PC,3.06082582,3.183892912,3.201675429,3.268462271,3.308173561,3.267757293,3.590723767,3.570643522,3.692658254,3.67974327,3.577628213,3.349908589,3.117424796,3.370102174,3.685184209,3.762123928,3.954453814,4.123292779,4.195342638,3.889060402,4.122245087,4.296015486,4.277881789,4.359886344,4.216360632,4.314433522,4.227539442,4.089471516,3.987234198
Armenia,ARM,Upper middle income,CO2 emissions (metric tons per capita),EN.ATM.CO2E.PC,5.610254358,5.902576393,3.163104664,1.498612445,0.83443373,1.090960291,0.811182834,1.066043297,1.116225447,1.006791798,1.159761363,1.180062452,1.028353553,1.159732241,1.253034693,1.49601075,1.517763067,1.773161496,1.956930336,1.561583522,1.508351191,1.71734336,1.9831921,1.89812717,1.881607731,1.825292192,1.726752782,1.806581049,1.880246268
Aruba,ABW,High income,CO2 emissions (metric tons per capita),EN.ATM.CO2E.PC,,,,,,,,,,,,,,,,,,,,,,,,,,,,,
Australia,AUS,High income,CO2 emissions (metric tons per capita),EN.ATM.CO2E.PC,15.44673046,15.31532053,15.33923978,15.4163129,15.60739289,15.99214254,16.36120365,16.56693849,17.51162418,17.59695657,17.68965697,17.76953588,17.95749921,17.69202931,18.14789789,18.11785357,18.12067891,18.50285198,18.28304124,18.20742496,17.58144496,17.26811037,16.96925656,16.398646,15.7558761,15.7864494,15.87207954,15.7386474,15.47551649
Austria,AUT,High income,CO2 emissions (metric tons per capita),EN.ATM.CO2E.PC,7.58936421,8.049113779,7.355202189,7.311242503,7.34490087,7.697264741,8.154273323,8.059697484,8.107272237,7.888819322,7.929785513,8.444109161,8.583317135,9.16834402,9.275613726,9.266113819,8.96156938,8.587802018,8.499673616,7.721144201,8.365015011,8.135474781,7.723614414,7.753699576,7.253383781,7.306745266,7.255626516,7.482751479,7.146637625
Azerbaijan,AZE,Upper middle income,CO2 emissions (metric tons per capita),EN.ATM.CO2E.PC,8.016501282,9.218434118,6.044391463,7.140951059,6.263369556,5.95587422,5.201597321,5.035562785,4.977884494,4.857975009,4.971050866,4.773646316,4.665961001,4.17046186,4.104014928,4.367332591,4.027320247,3.205807978,3.375402241,2.809804093,2.667231553,3.113457396,3.309026974,3.333403775,3.422100645,3.333906429,3.347061821,3.244356904,3.221402183
"Bahamas, The",BHS,High income,CO2 emissions (metric tons per capita),EN.ATM.CO2E.PC,6.946964996,7.202871954,9.510277114,7.747219302,7.395350355,7.423825483,6.937108247,6.159456854,7.811424639,7.583408997,7.180123807,7.038576687,7.410850395,7.185674639,6.773431841,6.218292863,6.102129099,6.135387552,6.13943203,17.21967963,5.860211418,6.730017826,10.01152425,8.470375475,7.069139966,6.333511491,5.794831222,5.631972841,5.86046391
Bahrain,BHR,Lower middle income,CO2 emissions (metric tons per capita),EN.ATM.CO2E.PC,21.65641314,20.30359266,23.45712527,24.37468762,24.32722575,24.01995395,24.48756699,24.23826789,25.2730582,24.27184466,23.8937121,23.49652355,23.42410969,23.06384421,21.60641854,23.28047803,23.47606433,22.21205417,22.22232191,20.86787756,20.93702452,20.36532403,20.43937345,21.87024012,22.61852459,22.30559688,21.18119531,20.33362404,19.59297584
Bangladesh,BGD,High income,CO2 emissions (metric tons per capita),EN.ATM.CO2E.PC,0.111658248,0.102557668,0.109460957,0.113909624,0.120101811,0.1437007,0.142966515,0.157872086,0.156908688,0.160636276,0.169593942,0.198172464,0.207053126,0.212401963,0.222868792,0.235263647,0.254752384,0.266296779,0.288141373,0.306664813,0.342739974,0.364566607,0.384025155,0.396566115,0.412898523,0.458797539,0.466776363,0.492906613,0.512837314
Barbados,BRB,Upper middle income,CO2 emissions (metric tons per capita),EN.ATM.CO2E.PC,3.755753393,3.741714774,4.488569364,3.751861719,3.888362471,4.023237014,4.006785322,4.362692639,4.715334863,4.806714611,4.567034116,4.844143357,5.010551417,5.030419457,4.940370455,5.138969311,5.297774574,5.310350519,6.358369114,16.43502296,5.635679879,5.901331157,7.789973845,5.205878422,4.529096814,4.52112839,4.583656989,4.192447306,4.360870779
Belarus,BLR,High income,CO2 emissions (metric tons per capita),EN.ATM.CO2E.PC,9.799449386,9.440801252,8.592008786,7.446003291,6.323485339,5.643609356,5.756149695,5.836460691,5.682109833,5.483338649,5.309826737,5.211234794,5.247554419,5.364024331,5.731671447,5.844422266,6.122901129,5.998356022,6.325576709,6.01814935,6.48155451,6.167005033,6.329103205,6.346358246,6.294110768,5.801665688,5.83037177,5.945667132,6.283647736
Belgium,BEL,Lower middle income,CO2 emissions (metric tons per capita),EN.ATM.CO2E.PC,10.96677472,11.39089005,11.18250206,10.91876374,11.35869013,11.30237113,11.76078263,11.45635922,11.70341139,11.29525399,11.44055603,11.50432068,10.72798863,11.13131453,10.94122455,10.55578231,10.30057192,9.843116218,9.984152154,9.231701442,9.771847058,8.658064348,8.549615681,8.65727005,8.043495541,8.444061111,8.323756718,8.155491115,8.179711061
Belize,BLZ,Lower middle income,CO2 emissions (metric tons per capita),EN.ATM.CO2E.PC,1.759493266,2.249707015,2.573022375,2.327640734,2.231268501,2.222630241,1.684919966,2.076046485,1.954414371,1.715631917,1.819578666,2.077877272,1.981805501,1.892899031,1.591227994,1.656107513,1.750544042,1.772391491,1.62960935,4.640002542,1.736622579,1.93800797,2.041414079,1.446311472,1.386664252,1.828629691,1.764391326,1.729758499,1.775127848
Benin,BEN,High income,CO2 emissions (metric tons per capita),EN.ATM.CO2E.PC,0.07632838,0.064083941,0.067519349,0.076062691,0.070000866,0.077892803,0.172292933,0.197400553,0.200918817,0.213081973,0.222838921,0.260007167,0.290594073,0.316465963,0.326451487,0.348273908,0.466112921,0.519232293,0.500177362,0.525450062,0.552218691,0.526380933,0.487190488,0.501769487,0.535635874,0.566378737,0.665006634,0.65860166,0.688722324
Bermuda,BMU,Lower middle income,CO2 emissions (metric tons per capita),EN.ATM.CO2E.PC,,,,,,,,,,,,,,,,,,,,,,,,,,,,,
Bhutan,BTN,Lower middle income,CO2 emissions (metric tons per capita),EN.ATM.CO2E.PC,0.244912877,0.317972755,0.374163977,0.319194878,0.357206644,0.430204871,0.517109873,0.670638539,0.637870363,0.622960238,0.626042699,0.596378986,0.649324297,0.573394495,0.485278072,0.631990431,0.608453858,0.586578189,0.59558286,0.54545803,0.685628926,0.966396797,1.083266104,1.196786979,1.307274985,1.31888966,1.669594112,1.783886808,1.829277992
Bolivia,BOL,Upper middle income,CO2 emissions (metric tons per capita),EN.ATM.CO2E.PC,0.827404692,0.822938916,0.952391991,1.069349503,1.210693963,1.091529183,1.043800008,1.043155783,1.063388187,0.964022814,0.950314019,0.919554269,0.941343653,1.022926581,1.038698235,1.090735668,1.187809119,1.259620034,1.339305415,1.403165874,1.496726359,1.610699983,1.662221709,1.760514116,1.883899311,1.877691189,1.958878597,1.987875656,2.000327663
Bosnia and Herzegovina,BIH,Upper middle income,CO2 emissions (metric tons per capita),EN.ATM.CO2E.PC,5.370319006,4.906942041,3.772138283,3.285167225,0.802738048,0.880114096,1.113053568,2.272441362,2.881367461,2.81031471,3.718833774,3.663945867,3.872969783,3.949838644,4.136343663,4.31037688,4.756438986,5.020209733,5.529716767,5.511323106,5.624105716,6.484260645,6.091586842,6.167789854,5.597187449,5.718264797,6.597243038,6.758099426,6.781131607
Botswana,BWA,Upper middle income,CO2 emissions (metric tons per capita),EN.ATM.CO2E.PC,2.183786203,2.0658649,2.420169251,2.322905275,2.147746853,2.171289562,1.940555211,1.992957783,2.335281728,2.397128414,2.452333155,2.310897524,2.364139697,2.260164542,2.248612742,2.378997675,2.227776837,2.303437347,2.291667102,2.093683373,1.695933684,1.984711765,2.515259486,2.695690919,3.413738935,3.399795164,3.296410755,3.569037983,3.64230522
Brazil,BRA,High income,CO2 emissions (metric tons per capita),EN.ATM.CO2E.PC,1.330575227,1.353001626,1.352656787,1.37189196,1.396952923,1.490557743,1.597062891,1.683581162,1.712516222,1.744558457,1.788828844,1.803426195,1.767207182,1.701508643,1.775807036,1.775721997,1.774909381,1.84883594,1.938026863,1.809460643,2.032203816,2.111844515,2.266878111,2.401859521,2.499362016,2.347365731,2.143497524,2.164421504,2.041874199
British Virgin Islands,VGB,High income,CO2 emissions (metric tons per capita),EN.ATM.CO2E.PC,,,,,,,,,,,,,,,,,,,,,,,,,,,,,
Brunei Darussalam,BRN,Upper middle income,CO2 emissions (metric tons per capita),EN.ATM.CO2E.PC,15.15186654,12.69683856,13.10754761,13.73879951,14.3028896,15.1458036,15.46188694,16.31608978,13.5052564,12.84432918,13.29667493,12.67509124,12.5729215,14.86010275,13.68818754,13.2014286,19.49970561,18.24160526,19.02914464,19.35389761,17.65156934,17.80602357,17.86980854,17.35844951,17.00920986,14.41262527,15.26950316,15.80753909,16.64490862
Bulgaria,BGR,Low income,CO2 emissions (metric tons per capita),EN.ATM.CO2E.PC,8.437435373,6.789563048,6.455379545,6.570814841,6.338535346,6.506015239,6.583898792,6.420784816,6.127081409,5.395448629,5.30343792,5.765911005,5.567066952,6.159226487,6.1138857,6.251491715,6.442554699,6.973842656,6.677289648,5.772090672,6.0644175,6.759360769,6.175840637,5.48098688,5.845841977,6.225976043,5.855926256,6.223901903,5.854773434
Burkina Faso,BFA,Low income,CO2 emissions (metric tons per capita),EN.ATM.CO2E.PC,0.066961502,0.066297713,0.065611787,0.064904659,0.063158427,0.063429892,0.069412751,0.076883034,0.080228125,0.082427108,0.090455241,0.085394315,0.082973396,0.086924748,0.086719114,0.085680641,0.101235265,0.117877953,0.130022856,0.127467638,0.133929621,0.136799629,0.163536225,0.173961012,0.171727227,0.187735194,0.187704296,0.212053871,0.216186485
Burundi,BDI,Lower middle income,CO2 emissions (metric tons per capita),EN.ATM.CO2E.PC,0.034933155,0.041330311,0.035176778,0.036219049,0.035599471,0.036746014,0.036302971,0.037568624,0.037183351,0.036699403,0.040759564,0.032181215,0.032815652,0.024605014,0.022435081,0.021724794,0.024974204,0.024166184,0.02461204,0.023816155,0.036885031,0.041301991,0.042180439,0.042975579,0.03961683,0.040354196,0.043859641,0.052646114,0.05279463
Cabo Verde,CPV,Lower middle income,CO2 emissions (metric tons per capita),EN.ATM.CO2E.PC,0.295899134,0.288826182,0.309194604,0.300499649,0.292235308,0.310649049,0.353952768,0.37105935,0.387866564,0.451890329,0.513805006,0.573787988,0.632118387,0.689003723,0.744603269,0.950254193,1.065709517,0.968284474,0.998240601,1.047944488,1.096126209,1.142609721,1.049004337,0.996599836,0.964736936,0.952852841,1.035508529,1.097676461,1.140200528
Cambodia,KHM,Lower middle income,CO2 emissions (metric tons per capita),EN.ATM.CO2E.PC,0.140380634,0.139945989,0.140275786,0.138405153,0.142470838,0.141702276,0.146591266,0.150461199,0.167234027,0.16068698,0.161247317,0.173311469,0.17487333,0.185125105,0.182145529,0.198894703,0.218879995,0.263158799,0.283783263,0.335613209,0.343762544,0.356911474,0.366700509,0.37134816,0.434056591,0.55278394,0.627921978,0.710207176,0.686777895
Cameroon,CMR,High income,CO2 emissions (metric tons per capita),EN.ATM.CO2E.PC,0.246178169,0.218324206,0.202408113,0.517720218,0.550979678,0.522794733,0.453803258,0.459411323,0.459121481,0.431428137,0.431869549,0.397390656,0.380251265,0.363076458,0.378925661,0.372742791,0.381371992,0.433522547,0.426434271,0.44416547,0.441959377,0.381223121,0.328597266,0.333827053,0.341682842,0.343800787,0.357343635,0.338678511,0.341842908
Canada,CAN,High income,CO2 emissions (metric tons per capita),EN.ATM.CO2E.PC,15.1355282,14.72781732,15.01519284,14.7353487,15.1313782,15.340087,15.64189767,16.00116472,16.14184074,16.28681103,16.78304541,16.34188458,16.75601646,17.23421557,16.82025619,17.0566373,16.61192808,17.37084027,16.54880282,15.48668191,15.73391403,15.95022477,15.7612635,15.85812871,15.85413843,15.65138616,15.24474718,15.38531589,15.49706457
Cayman Islands,CYM,Low income,CO2 emissions (metric tons per capita),EN.ATM.CO2E.PC,,,,,,,,,,,,,,,,,,,,,,,,,,,,,
Central African Republic,CAF,Low income,CO2 emissions (metric tons per capita),EN.ATM.CO2E.PC,0.057005636,0.052110347,0.050688759,0.052525353,0.051036406,0.049648396,0.051386918,0.050111542,0.066177814,0.067453265,0.065926441,0.0671679,0.065752635,0.061836784,0.060607851,0.059429771,0.063136295,0.061934195,0.06084194,0.059940663,0.061548772,0.065631069,0.067622229,0.067446877,0.067201727,0.06899359,0.068316804,0.067449619,0.070718706
Chad,TCD,High income,CO2 emissions (metric tons per capita),EN.ATM.CO2E.PC,0.065400579,0.064965808,0.064498459,0.062462627,0.061937247,0.062766051,0.062060628,0.061304773,0.060488648,0.06084287,0.061036515,0.059921303,0.058763357,0.081076067,0.079097987,0.079234358,0.078415457,0.081345672,0.084945897,0.083909004,0.086177079,0.06633775,0.0696142,0.069589249,0.068796116,0.06874084,0.070046969,0.067924102,0.069131598
Channel Islands,CHI,High income,CO2 emissions (metric tons per capita),EN.ATM.CO2E.PC,,,,,,,,,,,,,,,,,,,,,,,,,,,,,
Chile,CHL,Upper middle income,CO2 emissions (metric tons per capita),EN.ATM.CO2E.PC,2.290838222,2.190399514,2.295219951,2.316253343,2.497468296,2.659784558,3.020421711,3.419398336,3.432427972,3.546178572,3.247220928,3.085180102,3.104355898,3.148965633,3.417427143,3.443180386,3.48833505,3.916467803,4.084807181,3.87121211,4.086146422,4.437266212,4.510826472,4.720140459,4.301488448,4.561654853,4.73170736,4.712395783,4.624872245
China,CHN,Upper middle income,CO2 emissions (metric tons per capita),EN.ATM.CO2E.PC,1.914542564,2.000547455,2.07574444,2.243245307,2.31902906,2.560366185,2.517251858,2.543462797,2.602487248,2.513859675,2.648479977,2.772929198,2.974328335,3.425411363,3.951800629,4.463473752,4.906034996,5.302594688,5.431610495,5.79534426,6.332165911,6.898147632,7.039787622,7.289017341,7.212791393,7.124222747,7.071898486,7.174947984,7.352262682
Colombia,COL,Lower middle income,CO2 emissions (metric tons per capita),EN.ATM.CO2E.PC,1.476018372,1.498296954,1.545788217,1.589569053,1.578065234,1.621572438,1.587263613,1.685673101,1.670563214,1.432583644,1.469090371,1.454691574,1.380538199,1.350404321,1.336155119,1.357868253,1.336083245,1.353300572,1.355779866,1.406925677,1.430255191,1.531007322,1.525532286,1.673065423,1.699465586,1.705152834,1.738659399,1.555106166,1.600650618
Comoros,COM,Lower middle income,CO2 emissions (metric tons per capita),EN.ATM.CO2E.PC,0.170068854,0.165143805,0.160383454,0.155808311,0.15142338,0.168281468,0.163724738,0.159376837,0.174627752,0.170179615,0.184380059,0.197879096,0.193158671,0.240049519,0.25115952,0.228898426,0.23945328,0.187025423,0.182585317,0.193092918,0.231986266,0.212290787,0.20722096,0.242747579,0.210695427,0.23153061,0.251383552,0.307166816,0.312379103
"Congo, Dem. Rep.",COD,Upper middle income,CO2 emissions (metric tons per capita),EN.ATM.CO2E.PC,0.091875589,0.048456844,0.039642237,0.036840635,0.031798893,0.029824728,0.029234816,0.027380263,0.029654425,0.028745886,0.019530491,0.016312697,0.017645288,0.020806765,0.022046824,0.027196782,0.02827952,0.029938231,0.030954528,0.030745299,0.031906398,0.037749896,0.035206804,0.05114996,0.064933793,0.037904358,0.026145739,0.028010253,0.026169263
"Congo, Rep.",COG,Lower middle income,CO2 emissions (metric tons per capita),EN.ATM.CO2E.PC,0.356424553,1.271512505,1.208862043,1.168023501,1.056092571,1.082166342,1.005091867,1.164865833,1.094302816,0.970895515,0.914491818,0.929168751,0.845825368,0.862950793,0.814706187,1.330471807,1.321711881,1.323487413,1.34862708,1.312297969,1.16525627,1.105841803,1.053169074,0.865284504,0.861310987,0.70838841,0.672556252,0.630050555,0.613992586
Costa Rica,CRI,High income,CO2 emissions (metric tons per capita),EN.ATM.CO2E.PC,0.920038109,0.955627946,1.262731913,1.239510862,1.402208667,1.35664009,1.247122739,1.207329377,1.319700633,1.297154393,1.249252657,1.343554927,1.346038769,1.392873722,1.405865251,1.463071788,1.509635085,1.725458643,1.684918834,1.592659961,1.553293364,1.603682729,1.589162806,1.640619547,1.632818186,1.555343088,1.649203076,1.652540276,1.652184053
Cote d'Ivoire,CIV,Upper middle income,CO2 emissions (metric tons per capita),EN.ATM.CO2E.PC,0.227256089,0.22568426,0.216196337,0.223032003,0.224965523,0.229581361,0.264573265,0.316575455,0.309825768,0.417275505,0.384693455,0.371446625,0.370251316,0.292620071,0.301605526,0.316543403,0.300187993,0.28949599,0.324397641,0.295625731,0.302927822,0.284849452,0.366173071,0.383021967,0.395625652,0.411605058,0.39122307,0.424757468,0.395305384
Croatia,HRV,High income,CO2 emissions (metric tons per capita),EN.ATM.CO2E.PC,4.255481261,3.120053606,3.269360801,3.367052403,3.187859736,3.333311688,3.366178073,3.759713512,4.075341975,4.101850885,4.039565813,4.465488057,4.713895812,5.021611986,4.904056126,4.981270932,5.014892747,5.310637492,5.044428795,4.719894471,4.530399422,4.447951723,4.091332795,4.004051988,3.855238394,3.968023629,4.058117805,4.238057612,4.055928762
Cuba,CUB,High income,CO2 emissions (metric tons per capita),EN.ATM.CO2E.PC,3.341516163,2.569907961,2.057489364,1.862027903,1.993825507,2.119716987,2.288083728,2.493236868,2.441409346,2.510673973,2.534507272,2.435359521,2.317926681,2.24682379,2.219482757,2.296301782,2.335444202,2.417537743,2.341377461,2.413885955,2.695568338,2.53989816,2.562824284,2.424060435,2.377307538,2.427420867,2.509901097,2.262053371,2.202300094
Curacao,CUW,High income,CO2 emissions (metric tons per capita),EN.ATM.CO2E.PC,,,,,,,,,,,,,,,,,,,,,,,,,,,,,
Cyprus,CYP,Low income,CO2 emissions (metric tons per capita),EN.ATM.CO2E.PC,5.948219187,6.474095319,6.782328475,6.949618321,7.083946559,6.78052493,7.052686776,7.013094851,7.20802016,7.35382253,7.495059833,7.216690236,7.2776181,7.820347397,7.63056581,7.658197239,7.594394304,7.746486818,7.766501968,7.449305111,7.028474309,6.712083617,6.184771366,5.577576394,5.857864769,5.839858672,6.110124091,6.188092584,6.079400502
Czech Republic,CZE,Low income,CO2 emissions (metric tons per capita),EN.ATM.CO2E.PC,14.53545339,13.28020218,12.99916669,12.67975204,12.06841342,12.12132597,12.28667367,12.11067678,11.55194202,10.88599028,12.01065269,12.01181802,11.62410282,12.0433612,12.10540133,11.75178353,11.77860328,12.00427855,11.3928284,10.64445435,10.87698496,10.57346318,10.19619372,9.76957796,9.477122227,9.575140818,9.734693175,9.761725917,9.640704998
Denmark,DNK,High income,CO2 emissions (metric tons per capita),EN.ATM.CO2E.PC,10.13044504,12.17042554,11.02415801,11.42691286,12.13749813,11.44959475,13.927222,12.05678496,11.26273255,10.70314756,9.871496377,10.04892342,10.04105149,11.00810415,9.971277761,9.275879834,10.70573626,9.777644642,9.123308652,8.670862985,8.684706751,7.735291816,6.833498701,7.120299943,6.336521381,5.911867775,6.176665194,5.78145978,5.761494164
Djibouti,DJI,Lower middle income,CO2 emissions (metric tons per capita),EN.ATM.CO2E.PC,0.558949717,0.560276711,0.552800585,0.549713502,0.530236325,0.523489613,0.528238217,0.529614531,0.514354155,0.500019286,0.515624107,0.518404025,0.535513229,0.539730056,0.51840399,0.548995976,0.541184111,0.583520391,0.57572569,0.555676355,0.618904682,0.562277505,0.587465558,0.633989059,0.511846464,0.590810921,0.52738245,0.49782862,0.510989933
Dominica,DMA,Upper middle income,CO2 emissions (metric tons per capita),EN.ATM.CO2E.PC,0.852006475,0.85255126,1.13401185,1.129656302,1.126062722,1.40637086,1.127824849,1.416591115,1.56733112,1.575299307,1.866475233,2.152976131,1.718213058,1.997089955,2.27314703,2.266931142,2.403914138,2.542480614,2.54133194,7.05736224,2.539610875,2.397337545,3.523409533,2.393725623,2.531966072,2.528977871,2.524296352,2.378953261,2.513053919
Dominican Republic,DOM,Upper middle income,CO2 emissions (metric tons per capita),EN.ATM.CO2E.PC,1.101844805,1.131985212,1.29853669,1.261517476,1.44982103,1.515492748,1.600700939,1.793576202,2.022052177,2.132252896,2.202727156,2.206173355,2.391984205,2.115178473,1.922124646,2.051166604,2.204219888,2.203696042,2.171688352,2.049758916,2.128906748,2.126723148,2.179053775,2.11480116,2.097355463,2.280756783,2.352434731,2.224840963,2.363757648
Ecuador,ECU,Upper middle income,CO2 emissions (metric tons per capita),EN.ATM.CO2E.PC,1.52478792,1.543092579,1.605990072,1.472431592,1.519450528,1.726725973,1.92170172,1.970471048,1.916637107,1.665312529,1.685181983,1.813443017,1.794808294,1.792114963,1.86961392,1.963714462,2.070503967,2.069030061,2.083141278,2.195011213,2.308289711,2.328802664,2.367181443,2.510270112,2.582775445,2.511716305,2.365516075,2.249579931,2.3138123
"Egypt, Arab Rep.",EGY,Lower middle income,CO2 emissions (metric tons per capita),EN.ATM.CO2E.PC,1.546643045,1.556651239,1.573291557,1.533550334,1.414663436,1.473833913,1.521501838,1.602039836,1.650597772,1.698422517,1.639654809,1.781970868,1.786947211,1.80210112,1.92376988,2.126355881,2.200103104,2.329350025,2.374802949,2.409447321,2.374299739,2.385091523,2.457816414,2.380304602,2.395917008,2.444220788,2.477154638,2.474943902,2.502042142
El Salvador,SLV,Lower middle income,CO2 emissions (metric tons per capita),EN.ATM.CO2E.PC,0.451606562,0.572798796,0.618500323,0.713963338,0.801881941,0.881213488,0.771536727,0.925815065,0.977963229,0.959821956,0.956193433,0.990382826,0.996286735,1.086072497,1.108934375,1.130181735,1.189263076,1.249629451,1.126918228,1.084824507,1.057588953,1.091687764,1.085297315,1.030948236,1.046841968,1.106698196,1.128043653,0.998728265,1.060625411
Equatorial Guinea,GNQ,Upper middle income,CO2 emissions (metric tons per capita),EN.ATM.CO2E.PC,0.143133868,0.161721082,0.156505369,2.139906665,2.066378765,2.01301211,2.927241569,3.038442826,2.882742222,3.128410956,3.876736283,4.321931666,6.121010711,7.514526629,10.1122953,10.79347375,11.6763162,9.188424775,10.43168351,10.71441644,10.08859311,9.839278277,9.707222037,8.68626511,7.20858472,6.110005776,4.608366984,4.461144462,5.095625096
Eritrea,ERI,Low income,CO2 emissions (metric tons per capita),EN.ATM.CO2E.PC,0,0,0.19489784,0.281421994,0.329060654,0.362939026,0.396090631,0.378099046,0.276463569,0.290514219,0.279181805,0.29477147,0.274076513,0.265285439,0.250017556,0.212265177,0.178191487,0.170196293,0.146925246,0.150644888,0.157706966,0.180462226,0.193839951,0.198082983,0.205348482,0.194446721,0.195465323,0.210964653,0.231696216
Estonia,EST,High income,CO2 emissions (metric tons per capita),EN.ATM.CO2E.PC,22.31747403,20.08564581,15.51114709,12.26133236,12.22552399,11.29724063,12.15744062,12.02542273,11.73028144,10.93333257,10.60856058,11.01493752,10.77319027,12.27821875,12.41789292,12.63678471,11.7982492,14.80591938,13.67895953,11.21006508,14.17976304,13.59761164,12.68621059,14.55997244,13.55602128,11.68459648,11.89399524,12.35782429,12.103085
Eswatini,SWZ,Lower middle income,CO2 emissions (metric tons per capita),EN.ATM.CO2E.PC,1.155123337,1.112074646,0.957329627,0.822344335,1.145851467,1.078939532,0.824955103,1.152150265,1.1633579,1.227234548,1.123895002,1.065500667,1.049993425,0.977712076,0.964642444,0.980035417,0.974814086,0.997457443,0.971476683,1.011856691,0.948498414,0.951466798,0.982131689,1.426148947,0.876694715,0.932938902,1.104135211,0.924602243,0.959275668
Ethiopia,ETH,Low income,CO2 emissions (metric tons per capita),EN.ATM.CO2E.PC,0.048237691,0.04696636,0.029558418,0.036400784,0.040956131,0.045049857,0.048740284,0.050413985,0.051673614,0.049422619,0.053756289,0.064554538,0.065153462,0.069557428,0.071794657,0.06614596,0.06879927,0.075240774,0.082975305,0.081305656,0.07382477,0.083647726,0.09123558,0.107772863,0.125695423,0.127732852,0.144300199,0.145300853,0.149050931
Faroe Islands,FRO,High income,CO2 emissions (metric tons per capita),EN.ATM.CO2E.PC,,,,,,,,,,,,,,,,,,,,,,,,,,,,,
Fiji,FJI,Upper middle income,CO2 emissions (metric tons per capita),EN.ATM.CO2E.PC,1.001955873,0.992659757,1.020860478,0.993427484,0.979614868,0.980103891,1.045399668,1.009163202,0.974819658,0.99218407,1.048074564,1.326906845,1.128478504,1.32340291,1.785137871,1.557924358,1.65485119,1.506843581,1.135616237,1.136315713,1.349125859,1.285539075,1.190661973,1.305449849,1.511921676,1.738365614,1.99448422,2.062772092,2.150561976
Finland,FIN,High income,CO2 emissions (metric tons per capita),EN.ATM.CO2E.PC,10.94169357,10.99578359,10.36891768,10.55177326,11.77792413,10.98126587,12.20979777,11.79415293,11.11284025,10.93994472,10.64485611,11.77523242,12.19859716,13.75595769,12.94525123,10.57167082,12.72627979,12.3092166,10.66360723,10.14821298,11.6587537,10.22962464,9.126388006,9.227846733,8.451871936,7.814537412,8.318012674,7.808338601,8.04275205
France,FRA,High income,CO2 emissions (metric tons per capita),EN.ATM.CO2E.PC,6.122359687,6.500930535,6.264271583,5.913536994,5.806442913,5.916505458,6.15800738,5.989176224,6.333336679,6.198684398,6.12747794,6.142043233,6.005475326,6.054152566,6.027439546,6.027601801,5.840804198,5.669031385,5.564429,5.314414422,5.350658925,5.104312275,5.12231119,5.10055617,4.592376829,4.666086597,4.686612202,4.727575622,4.619241205
French Polynesia,PYF,High income,CO2 emissions (metric tons per capita),EN.ATM.CO2E.PC,,,,,,,,,,,,,,,,,,,,,,,,,,,,,
Gabon,GAB,Upper middle income,CO2 emissions (metric tons per capita),EN.ATM.CO2E.PC,4.349689782,4.457949241,4.598168911,4.564130402,4.199566423,4.249039818,4.24100404,4.231897467,4.213455538,4.019822227,3.801820152,3.640676371,3.360992308,3.325893635,3.272299651,3.329617777,2.824890361,2.750303043,2.719721206,2.676992208,2.936928084,3.347918147,3.332043571,3.136918225,2.919628984,2.813589432,2.843792613,2.276236287,2.175272204
"Gambia, The",GMB,Upper middle income,CO2 emissions (metric tons per capita),EN.ATM.CO2E.PC,0.198829002,0.201476622,0.194651749,0.197952418,0.191917706,0.194935747,0.188988662,0.191583328,0.201918386,0.203583381,0.182134433,0.227929445,0.213635195,0.206907254,0.213828846,0.220243628,0.226209656,0.243925344,0.25454511,0.27581816,0.24537154,0.243487784,0.241467281,0.2240659,0.2569123,0.254091837,0.246610961,0.243913456,0.249989913
Georgia,GEO,High income,CO2 emissions (metric tons per capita),EN.ATM.CO2E.PC,6.974177426,5.275129759,4.118190212,3.276251756,2.158775007,1.756223321,1.41594528,1.268990897,1.175886457,1.08727237,1.169940333,0.876849261,0.74399619,0.79964856,0.858087153,1.086491654,1.211231882,1.458489523,1.25764951,1.473356755,1.404919065,1.735685453,1.928196018,2.108848881,2.277240447,2.469615674,2.58886306,2.583151735,2.538541691
Germany,DEU,Lower middle income,CO2 emissions (metric tons per capita),EN.ATM.CO2E.PC,12.02660923,11.65260094,11.07292343,10.92964208,10.75427021,10.68940786,11.02059284,10.61623004,10.52004276,10.15039627,10.09688327,10.29144835,10.10056008,10.1358012,9.947493985,9.726877921,9.883407092,9.525155674,9.615747988,8.9699549,9.451565374,9.29779082,9.449949925,9.642558947,9.10678233,9.087290939,9.073006389,8.858293699,8.558389812
Ghana,GHA,High income,CO2 emissions (metric tons per capita),EN.ATM.CO2E.PC,0.188854549,0.168339541,0.196763056,0.198053537,0.208916042,0.218054975,0.234216124,0.239544671,0.332295428,0.349769877,0.297735601,0.314320105,0.36648534,0.343609358,0.311202422,0.321802121,0.376691475,0.394096032,0.363268589,0.411651296,0.449966654,0.480941312,0.546997679,0.564123667,0.527833773,0.543283052,0.495401526,0.507529429,0.541201382
Gibraltar,GIB,High income,CO2 emissions (metric tons per capita),EN.ATM.CO2E.PC,,,,,,,,,,,,,,,,,,,,,,,,,,,,,
Greece,GRC,High income,CO2 emissions (metric tons per capita),EN.ATM.CO2E.PC,7.416057913,7.346951195,7.51798648,7.465286989,7.583999957,7.843097899,7.801070809,7.856482991,8.127412607,8.121394969,8.741595261,8.894202354,8.860741613,9.170878298,9.114442251,9.278882901,9.137630869,9.441123674,9.064040547,8.529742954,7.874949613,7.613756775,7.251237686,6.609995923,6.385178381,6.285069342,6.203617289,6.211250006,6.08317505
Greenland,GRL,Upper middle income,CO2 emissions (metric tons per capita),EN.ATM.CO2E.PC,,,,,,,,,,,,,,,,,,,,,,,,,,,,,
Grenada,GRD,High income,CO2 emissions (metric tons per capita),EN.ATM.CO2E.PC,1.141931733,1.244013187,1.646751269,1.526966224,1.610549097,1.695151866,1.881132244,1.969143521,2.254393617,2.147829228,2.042066571,2.227775518,2.315797599,2.403776814,2.20420524,2.388732825,2.477653472,2.662027134,2.749935993,7.65689546,2.73000273,2.715711797,3.908722034,2.958251673,2.295684114,2.46343622,2.539383111,2.615581651,2.691814193
Guam,GUM,Upper middle income,CO2 emissions (metric tons per capita),EN.ATM.CO2E.PC,,,,,,,,,,,,,,,,,,,,,,,,,,,,,
Guatemala,GTM,Low income,CO2 emissions (metric tons per capita),EN.ATM.CO2E.PC,0.434248626,0.433481836,0.5060742,0.521928185,0.540970172,0.617296792,0.587456968,0.607135726,0.75048331,0.724953006,0.81278639,0.826344294,0.861904465,0.848950177,0.847650879,0.889692633,0.871090028,0.920826916,0.818091229,0.846417084,0.802962926,0.808455592,0.821948835,0.864797689,0.911388475,1.049628073,1.103130021,1.026267857,1.113969273
Guinea,GIN,Low income,CO2 emissions (metric tons per capita),EN.ATM.CO2E.PC,0.157423742,0.156084161,0.156342316,0.156585939,0.158167092,0.159567934,0.16479581,0.168361791,0.173010997,0.177535105,0.180809115,0.186525449,0.189842229,0.194216973,0.19830313,0.201985052,0.204138182,0.208023421,0.206391016,0.212755922,0.245286381,0.251428464,0.233758216,0.200131812,0.200879385,0.222181479,0.241088377,0.246115273,0.251323233
Guinea-Bissau,GNB,Upper middle income,CO2 emissions (metric tons per capita),EN.ATM.CO2E.PC,0.174311597,0.170422306,0.176409537,0.182093326,0.168800904,0.165312026,0.162040267,0.176599662,0.147266219,0.161409119,0.12486421,0.122238928,0.119573934,0.155848568,0.159879162,0.156141839,0.159700112,0.162942025,0.152045426,0.154994878,0.157624804,0.159949226,0.155765084,0.157742199,0.165442295,0.161178259,0.168309177,0.164100679,0.165394728
Guyana,GUY,Lower middle income,CO2 emissions (metric tons per capita),EN.ATM.CO2E.PC,1.587502321,1.544708567,1.442700736,1.445353057,1.857962092,2.009725495,2.076758574,2.269204129,2.321638466,2.321002673,2.22306145,2.200733757,2.175112683,2.174082255,2.23939539,1.983499429,1.782041577,2.143401605,2.142431526,2.166592218,2.34845149,2.433416796,2.647645978,2.607730208,2.698556796,2.671242962,2.994698994,2.992706568,3.13219265
Haiti,HTI,Lower middle income,CO2 emissions (metric tons per capita),EN.ATM.CO2E.PC,0.144929287,0.139302715,0.12295937,0.093825177,0.024992377,0.11621137,0.134393061,0.158142712,0.160250921,0.165883927,0.173680812,0.185856117,0.209043758,0.203368319,0.184589904,0.185964791,0.184059899,0.214842318,0.210437492,0.20310172,0.247253128,0.27721894,0.243880502,0.26248304,0.290074696,0.31040976,0.313653831,0.306855526,0.299374738
Honduras,HND,High income,CO2 emissions (metric tons per capita),EN.ATM.CO2E.PC,0.496437957,0.482485956,0.522434461,0.539446717,0.589298661,0.679627466,0.668957349,0.673205304,0.757185424,0.747208909,0.766597054,0.866421245,0.884653456,0.952672711,1.044905823,0.942487862,1.051832553,1.10264173,1.083830193,0.999904304,0.98707936,1.03529556,1.05778565,1.061541686,1.056324778,1.083079554,1.013936886,0.954500448,1.019032757
"Hong Kong SAR, China",HKG,High income,CO2 emissions (metric tons per capita),EN.ATM.CO2E.PC,,,,,,,,,,,,,,,,,,,,,,,,,,,,,
Hungary,HUN,High income,CO2 emissions (metric tons per capita),EN.ATM.CO2E.PC,6.498947174,6.222646384,5.593412349,5.636482777,5.586195195,5.56009242,5.669542299,5.538125216,5.586091557,5.65663788,5.350127818,5.526339141,5.476143976,5.748526687,5.57922088,5.547698959,5.506698691,5.356123543,5.282825944,4.773188728,4.787988988,4.704300469,4.377864437,4.120050759,4.117988322,4.407180392,4.532290173,4.755839977,4.745506244
Iceland,ISL,Lower middle income,CO2 emissions (metric tons per capita),EN.ATM.CO2E.PC,7.65228038,7.408930282,7.469633069,7.507820647,7.856522605,7.477530022,8.441297654,7.929833879,7.84536959,7.642917143,7.930157714,7.579798434,7.790681093,7.702377375,7.943192479,7.717349545,7.669973863,7.638830938,6.868002041,6.624824568,6.162727447,5.924504881,5.799523566,6.269999135,6.261721637,6.227045327,6.171017681,6.319161328,6.237224322
India,IND,Lower middle income,CO2 emissions (metric tons per capita),EN.ATM.CO2E.PC,0.644102026,0.681429666,0.693121231,0.703544619,0.727526089,0.768837675,0.790663149,0.82074131,0.823779815,0.870943498,0.88982752,0.887330155,0.903241998,0.913962074,0.962435743,0.991399583,1.041839796,1.129216789,1.185904772,1.288080997,1.349214466,1.408315593,1.507820975,1.535560059,1.649327519,1.641198393,1.648359053,1.7191902,1.799825446
Indonesia,IDN,Lower middle income,CO2 emissions (metric tons per capita),EN.ATM.CO2E.PC,0.815761138,0.876744877,0.910355784,0.97185669,1.015535177,1.131545133,1.17297927,1.270396477,1.269366929,1.337342815,1.324594286,1.407609164,1.40809308,1.522267724,1.536865336,1.52194445,1.587749693,1.635207076,1.601819308,1.653210477,1.724073581,1.960133257,1.959133194,1.804251041,1.920799967,1.899658692,1.89244089,2.01367107,2.178461553
"Iran, Islamic Rep.",IRN,Upper middle income,CO2 emissions (metric tons per capita),EN.ATM.CO2E.PC,3.179919204,3.773815525,3.970712947,3.872495572,4.310569057,4.433401953,4.498601242,4.615569149,4.577483129,5.037123341,5.192507788,5.282388202,5.479989456,5.73492512,6.087051699,6.467672496,6.955874102,7.341826081,7.405511612,7.561621704,7.468427156,7.526365761,7.56050966,7.746663092,7.88309479,7.672481325,7.613494401,7.694930979,7.693012599
Iraq,IRQ,High income,CO2 emissions (metric tons per capita),EN.ATM.CO2E.PC,3.722922057,2.614389023,3.661954687,4.683175551,5.104059767,4.769386514,4.725961363,5.400759035,3.683584355,2.833515795,3.173517079,3.482294289,3.185073337,2.810738816,2.861232178,3.277211413,3.056310879,2.775584118,3.031099525,3.711021205,4.042434704,4.264563037,4.761992564,4.902424856,4.906435262,4.559450509,4.70764886,4.641199885,4.895195361
Ireland,IRL,High income,CO2 emissions (metric tons per capita),EN.ATM.CO2E.PC,8.821920709,8.915649356,8.877510588,8.869598723,9.166145367,9.288300593,9.616468408,9.838954148,10.41561173,10.727642,11.20053906,11.61592792,11.20055789,11.06462346,11.02140354,11.24542479,11.18731296,10.68893384,10.32398836,9.044456081,8.909784865,7.938719028,8.066036269,7.7252209,7.632456943,7.866937107,8.140330807,7.806734135,7.624325193
Isle of Man,IMN,High income,CO2 emissions (metric tons per capita),EN.ATM.CO2E.PC,,,,,,,,,,,,,,,,,,,,,,,,,,,,,
Israel,ISR,High income,CO2 emissions (metric tons per capita),EN.ATM.CO2E.PC,7.253218884,6.975146494,7.195002928,7.698156244,8.031116873,8.434625789,8.56113844,8.733721727,8.625020935,8.649795918,9.063444109,8.999844696,9.296803653,9.401019478,9.27595829,8.800738806,9.120036293,9.274244091,9.125985114,8.779523352,9.248911276,8.990702825,9.61506858,8.313170792,7.876383023,7.892507249,7.636321086,7.579217977,6.976403837
Italy,ITA,Upper middle income,CO2 emissions (metric tons per capita),EN.ATM.CO2E.PC,7.145018163,7.119107279,7.082581542,6.984291424,6.901240953,7.32562417,7.248469279,7.303872086,7.492433586,7.607835904,7.662168039,7.662604587,7.772129648,8.064459423,8.18943091,8.173783296,8.02576652,7.860768048,7.564248301,6.718970261,6.836836362,6.680594156,6.327708948,5.751739866,5.387310957,5.56325971,5.498165205,5.437857549,5.376374339
Jamaica,JAM,High income,CO2 emissions (metric tons per capita),EN.ATM.CO2E.PC,3.086903142,3.033621131,3.311598681,3.348650458,3.339920177,3.425813187,3.533139402,3.560490016,3.725745283,3.790818243,3.78950826,3.768638497,3.806386039,3.908559635,3.878874884,3.854014599,4.378426772,4.34212632,3.458106762,2.818474168,2.661482232,2.68937823,2.501646653,2.651545627,2.573790397,2.521597884,2.666674007,2.461613887,2.899634155
Japan,JPN,Upper middle income,CO2 emissions (metric tons per capita),EN.ATM.CO2E.PC,8.848215877,8.919202349,8.981072936,8.889440755,9.290290626,9.347025631,9.432715475,9.313167853,8.949762658,9.206987231,9.32609604,9.206678778,9.470516693,9.519253355,9.479340331,9.49981608,9.309524927,9.58086265,9.055074456,8.600045296,9.026938393,9.482449759,9.811406499,9.893679627,9.584053553,9.292832367,9.22394197,9.085639143,8.74225771
Jordan,JOR,Upper middle income,CO2 emissions (metric tons per capita),EN.ATM.CO2E.PC,2.784720103,2.600722831,2.996731501,2.903684085,2.945339799,2.96371067,2.930582178,2.963781232,2.95511203,2.907534828,3.176186604,3.114621124,3.172535136,3.185477608,3.329605298,3.446278895,3.366409376,3.371546323,3.051945764,2.9971314,2.781778689,2.709171956,2.981472227,2.793757759,2.869212997,2.73671831,2.601973606,2.667119021,2.478595273
Kazakhstan,KAZ,Lower middle income,CO2 emissions (metric tons per capita),EN.ATM.CO2E.PC,14.53205285,15.04585146,15.5513427,13.32973397,12.14312161,10.90524469,9.622404398,8.269639415,8.646703345,7.921157388,7.705111644,7.5291074,8.174199142,9.142117265,10.00600547,10.72685607,11.77221057,12.21310095,14.70564187,12.6901298,13.69757096,14.62747148,14.3811759,15.04735597,11.87104447,11.77918743,12.5333995,12.50486756,12.06196914
Kenya,KEN,Lower middle income,CO2 emissions (metric tons per capita),EN.ATM.CO2E.PC,0.258803383,0.240195282,0.234935687,0.224209954,0.217806655,0.229398295,0.243796174,0.225730104,0.236690397,0.240845592,0.257472675,0.231669148,0.219840479,0.188299583,0.208501314,0.227440913,0.247018257,0.242081744,0.249045134,0.286295483,0.300732674,0.301772165,0.273546483,0.30975405,0.321841108,0.356946384,0.3826588,0.376136379,0.358028408
Kiribati,KIR,High income,CO2 emissions (metric tons per capita),EN.ATM.CO2E.PC,0.276265989,0.271399881,0.267497693,0.396243611,0.391297543,0.386020897,0.380208861,0.374120816,0.367836386,0.361580831,0.473905574,0.349471134,0.458148165,0.562809545,0.552498398,0.758240449,0.741989167,0.621561985,0.607533414,0.594483196,0.485767026,0.477395331,0.564127154,0.55613744,0.548511249,0.540896265,0.71092785,0.70081382,0.690595812
"Korea, Dem. People's Rep.",PRK,Upper middle income,CO2 emissions (metric tons per capita),EN.ATM.CO2E.PC,6.079419183,5.694072502,5.000619227,4.547670648,4.113452886,3.815701001,3.346835235,3.023022384,2.704027386,2.928979076,3.132267246,3.215754891,3.050628479,3.089739999,3.131538963,3.245877591,3.281664508,2.713705328,2.995868844,2.2662203,2.102747014,1.501212318,1.552379419,1.11594697,1.253901331,1.004612801,1.188967848,0.880069286,0.709208588
"Korea, Rep.",KOR,High income,CO2 emissions (metric tons per capita),EN.ATM.CO2E.PC,5.814186349,6.32949634,6.77082969,7.390717261,7.912585453,8.522610532,8.981501705,9.367714115,7.900143158,8.600784651,9.693859002,9.932834516,9.695509699,9.70113586,10.08474618,9.96335735,10.05279047,10.30120222,10.46158505,10.65530458,11.58854385,11.9609574,11.93150904,11.85114256,11.54755823,11.88886857,12.00324817,12.17536474,12.22970419
Kosovo,XKX,Lower middle income,CO2 emissions (metric tons per capita),EN.ATM.CO2E.PC,,,,,,,,,,,,,,,,,,,,,,,,,,,,,
Kuwait,KWT,Lower middle income,CO2 emissions (metric tons per capita),EN.ATM.CO2E.PC,13.95948171,17.59959277,,,,21.04729601,20.24761842,19.90928849,21.78446973,22.40677337,23.06462741,24.16234127,24.98372712,25.7352567,27.0347894,29.6229929,29.35128479,27.45179163,27.45095086,26.60010968,26.15408886,25.61825019,24.96079253,24.17775499,22.64464409,22.9534559,22.71496959,22.11975932,21.62272431
Kyrgyz Republic,KGZ,High income,CO2 emissions (metric tons per capita),EN.ATM.CO2E.PC,5.18309346,4.574782687,3.056207645,2.238359865,1.450687692,1.008683449,1.246651111,1.211566306,1.26441602,0.989587637,0.95337253,0.802814908,0.995852285,1.108401245,1.089192313,1.026614497,1.019469569,1.228076835,1.411999173,1.25573533,1.16558674,1.38178653,1.794121843,1.639974823,1.663953389,1.7240511,1.595525948,1.506889097,1.73973556
Lao PDR,LAO,Upper middle income,CO2 emissions (metric tons per capita),EN.ATM.CO2E.PC,0.119761295,0.125592741,0.131101031,0.132036175,0.133028227,0.13824475,0.151478766,0.156426103,0.159390398,0.162358159,0.169055324,0.184857098,0.202066282,0.206217364,0.213697894,0.21906662,0.280530099,0.291003289,0.339031824,0.413100759,0.46086135,0.478923883,0.507407293,0.597740328,0.665686411,1.284645373,2.243695741,2.662148349,2.660908493
Latvia,LVA,Lower middle income,CO2 emissions (metric tons per capita),EN.ATM.CO2E.PC,7.051796913,6.489143324,5.343608975,4.587853891,4.054361771,3.621648768,3.666742362,3.506174443,3.373417388,3.158358858,2.927076514,3.149107682,3.181579908,3.317372938,3.367030147,3.448277402,3.696429384,3.876700033,3.724759131,3.436572131,4.061872037,3.835493266,3.721146978,3.701592977,3.651352054,3.701592949,3.648821125,3.665855236,3.959165078
Lebanon,LBN,Low income,CO2 emissions (metric tons per capita),EN.ATM.CO2E.PC,2.004971759,2.40955608,2.282085983,3.182251845,3.31143438,3.769436333,3.910639126,4.409001141,4.399604279,4.54404522,4.077783393,4.23202311,4.026584063,3.967297257,3.913006084,3.677565213,3.40983579,3.156892083,3.916264144,4.554307415,4.215572421,4.071493738,4.240088702,3.930312382,3.983359969,4.140719561,4.141917802,4.293649871,4.039707217
Lesotho,LSO,Upper middle income,CO2 emissions (metric tons per capita),EN.ATM.CO2E.PC,0.815844043,0.832121497,0.841616712,0.845115098,0.848858581,0.847994151,0.847854566,0.848553952,0.856059802,0.851598133,0.860879425,0.869463556,0.886772895,0.901724424,0.932225232,0.951848967,0.964856606,0.986448413,1.011509061,1.055204798,1.082394798,1.102908334,1.131520386,1.128897407,1.130442272,1.083044238,1.093954288,1.166608974,1.218975994
Liberia,LBR,High income,CO2 emissions (metric tons per capita),EN.ATM.CO2E.PC,0.216771672,0.181360014,0.19983893,0.21247523,0.211428091,0.205413426,0.199029845,0.193447711,0.194639702,0.148164172,0.150959453,0.152339529,0.148773757,0.155993312,0.178591133,0.208196478,0.207256314,0.184868993,0.149673089,0.143841621,0.187595227,0.211577206,0.229709294,0.214201463,0.279848093,0.281738703,0.307404659,0.267958311,0.273917114
Libya,LBY,High income,CO2 emissions (metric tons per capita),EN.ATM.CO2E.PC,8.134492072,7.332351139,6.514873693,6.485621646,7.396694989,7.57558,7.823400824,7.608428904,7.677840137,7.213906349,7.441358011,7.611263053,7.882703919,7.878239566,7.966497629,8.472712881,8.386454339,7.74755782,8.495165662,8.772434633,9.234119871,6.090496616,8.320405947,8.700467537,9.383784035,8.388494488,7.883354692,8.632790044,8.825249137
Liechtenstein,LIE,High income,CO2 emissions (metric tons per capita),EN.ATM.CO2E.PC,6.946856547,7.200164575,7.106118029,7.003034648,6.575702778,6.475845098,6.697710021,6.911718505,7.119420541,7.01968564,6.629701061,6.260620696,6.492548325,6.730656678,6.677505516,6.624805576,6.576125804,5.679075447,6.202599453,5.87856563,5.278364263,4.958814292,5.189130138,5.143475907,4.298879605,4.270652609,3.983534723,4.232244412,3.692177857
Lithuania,LTU,High income,CO2 emissions (metric tons per capita),EN.ATM.CO2E.PC,8.713199442,9.257224496,5.399833627,4.274139042,4.049608109,3.786060574,3.951007507,3.893557086,4.144442995,3.475928697,3.003255289,3.212499186,3.258722528,3.288228289,3.526720609,3.861517495,3.981762184,4.088145492,4.083507414,3.695956516,4.068082919,3.910023232,3.992940561,3.830693491,3.703492776,3.810789319,3.904845879,3.966902878,4.137005929
Luxembourg,LUX,Low income,CO2 emissions (metric tons per capita),EN.ATM.CO2E.PC,29.64514862,30.43927649,29.2216485,29.36033713,26.90326984,21.24197002,21.14792685,19.71629515,17.87143866,18.46797143,19.66536787,20.70097956,22.05412674,22.7177114,25.49689475,25.66869752,24.83935875,23.20867179,22.59285787,21.01317241,21.81661811,21.08626075,20.13387425,18.68006478,17.3461629,16.02867957,15.22300151,15.09216281,15.33020808
"Macao SAR, China",MAC,Low income,CO2 emissions (metric tons per capita),EN.ATM.CO2E.PC,,,,,,,,,,,,,,,,,,,,,,,,,,,,,
Madagascar,MDG,Upper middle income,CO2 emissions (metric tons per capita),EN.ATM.CO2E.PC,0.076733088,0.079545775,0.078040291,0.078892544,0.09260291,0.101666718,0.094226322,0.098969463,0.110069755,0.109275143,0.104650238,0.102700134,0.066805359,0.089703544,0.09268105,0.09325549,0.086863188,0.088506869,0.089015685,0.082162018,0.08840922,0.100717578,0.122613506,0.127606243,0.129292637,0.136997154,0.129346515,0.13687642,0.128320761
Malawi,MWI,Upper middle income,CO2 emissions (metric tons per capita),EN.ATM.CO2E.PC,0.076559102,0.082288572,0.081561235,0.090625092,0.093374562,0.092438172,0.090793146,0.092548339,0.087184413,0.088444007,0.078932609,0.0769769,0.073418537,0.073332215,0.073972692,0.072073785,0.071683521,0.073453313,0.080128795,0.079274295,0.071528746,0.076192421,0.072746121,0.076392328,0.067527955,0.071661878,0.079045626,0.084888716,0.086533726
Malaysia,MYS,Low income,CO2 emissions (metric tons per capita),EN.ATM.CO2E.PC,3.116502968,3.41955733,3.62422945,3.65359824,3.854334585,4.094183,4.553798411,4.753559256,4.659355404,4.934405111,5.244833936,5.346888739,5.631518427,5.822545133,6.251129636,6.477462684,6.590348185,7.048555882,7.384710598,6.526762285,7.058628841,7.038856147,6.99321172,7.459383568,7.757158614,7.682279042,7.451282159,7.165808462,7.600220413
Maldives,MDV,High income,CO2 emissions (metric tons per capita),EN.ATM.CO2E.PC,0.716977581,0.696430359,0.973458444,0.824415901,0.804563484,1.023042055,1.080338609,1.288679331,1.154798935,1.572085609,1.646408682,1.676510344,2.073525163,1.751018399,2.377395467,2.221499105,2.656577778,2.595682217,2.533134565,2.57505143,2.624887212,2.654450936,2.869866652,2.719012878,3.126307417,2.967593875,3.680297789,3.666412838,3.703674976
Mali,MLI,Upper middle income,CO2 emissions (metric tons per capita),EN.ATM.CO2E.PC,0.049704642,0.049794292,0.050845539,0.050620804,0.050348729,0.049031574,0.049809023,0.052504551,0.074320278,0.075167221,0.128808907,0.142836826,0.120514182,0.116835182,0.119653219,0.129153367,0.143145186,0.151632189,0.148084348,0.172136787,0.184725562,0.201100989,0.19462446,0.18541198,0.184242397,0.195541292,0.24602782,0.272789703,0.294583928
Malta,MLT,Lower middle income,CO2 emissions (metric tons per capita),EN.ATM.CO2E.PC,6.550526583,6.074015034,5.902866563,7.567841253,6.69695862,6.305988835,6.106789855,6.452607297,6.151258672,6.218103195,5.46032039,6.335426484,5.859044521,6.548213417,6.479460111,6.4878143,6.538237587,6.662995053,6.644209889,6.08518778,6.224246577,6.173907194,6.451950822,5.563811281,5.407793666,3.70742361,2.964713323,3.247870188,3.198316241
Marshall Islands,MHL,Upper middle income,CO2 emissions (metric tons per capita),EN.ATM.CO2E.PC,0,0,1.624629381,1.806213374,1.792328833,1.783803068,1.781366902,1.783838424,1.985860672,1.98341862,1.970288056,2.139619926,2.29147571,2.057420743,2.38637198,2.533615651,2.510535282,2.497948114,2.314567532,2.488667674,2.483987154,2.476824004,2.468613345,2.459030791,2.623157232,2.611238772,3.118341043,3.100614955,3.252756283
Mauritania,MRT,Upper middle income,CO2 emissions (metric tons per capita),EN.ATM.CO2E.PC,0.412908909,0.41189436,0.415374455,0.413911427,0.421188905,0.432221228,0.446710776,0.431465417,0.396600135,0.43332563,0.425820379,0.436648097,0.457147465,0.454998863,0.479714866,0.479465961,0.469165541,0.537078393,0.546077239,0.586431104,0.59241028,0.60856222,0.647501521,0.576293839,0.641075542,0.729060397,0.674907747,0.887315176,0.908407126
Mauritius,MUS,Lower middle income,CO2 emissions (metric tons per capita),EN.ATM.CO2E.PC,1.095605771,1.167933953,1.217216981,1.339561535,1.356881365,1.380899224,1.419758094,1.410800812,1.542543611,1.871915063,2.047396815,2.148313908,2.166656567,2.266415026,2.268626695,2.409924983,2.674238814,2.742753886,2.789117779,2.741639003,2.92706334,2.906410392,2.970024254,3.034990581,3.132598534,3.136372817,3.197535681,3.305359031,3.264040313
Mexico,MEX,Upper middle income,CO2 emissions (metric tons per capita),EN.ATM.CO2E.PC,3.189063644,3.345704957,3.327700803,3.394397816,3.615716848,3.343977725,3.500701498,3.691219525,3.884388109,3.697703795,3.887569288,3.816221858,3.822991614,3.94835053,3.962974325,4.078950882,4.181009222,4.235667944,4.308160702,4.105851366,4.110157155,4.157120485,4.099027581,3.954146576,3.808063465,3.87819451,3.885809372,3.781215828,3.741477725
"Micronesia, Fed. Sts.",FSM,High income,CO2 emissions (metric tons per capita),EN.ATM.CO2E.PC,0,0,1.084962421,1.058700109,1.037442233,1.115915748,1.10792071,1.198454915,1.201412121,1.206283811,1.210371957,1.399645423,1.308081138,1.49669791,1.50060024,1.507514015,1.328600983,1.340456904,1.158871645,1.262491381,1.068832835,1.160003093,1.243947716,1.321727309,1.303004356,1.377587569,1.542439777,1.525197154,1.598011364
Moldova,MDA,Lower middle income,CO2 emissions (metric tons per capita),EN.ATM.CO2E.PC,10.2825876,8.267454158,6.825365369,5.855813131,4.770134505,4.112038484,3.529729999,3.263471871,2.947852992,2.508759325,2.294971959,2.406374218,2.46692669,2.67716861,2.687255604,2.832301113,2.770741937,2.832852317,2.841737205,2.667275532,2.900589798,2.919750909,2.846693324,2.51163819,2.698682161,2.829393233,2.904891566,2.961717622,3.171832063
Monaco,MCO,Upper middle income,CO2 emissions (metric tons per capita),EN.ATM.CO2E.PC,,,,,,,,,,,,,,,,,,,,,,,,,,,,,
Mongolia,MNG,Lower middle income,CO2 emissions (metric tons per capita),EN.ATM.CO2E.PC,5.93826675,6.654889856,5.732127774,5.235958353,4.525373003,4.473422085,3.751234044,3.647660018,3.629545263,3.623389675,3.754040286,3.707233528,3.929174984,3.771116327,3.829523705,4.37772049,4.853735305,5.019625502,4.928000657,5.101365326,5.26121897,5.67796858,6.067905312,6.377995845,6.16303262,5.769680363,5.944984194,6.252834169,6.725098053
Montenegro,MNE,Low income,CO2 emissions (metric tons per capita),EN.ATM.CO2E.PC,0,0,0,0,0,0,0,0,0,0,0,0,0,0,0,3.272224673,3.544571359,3.409782829,4.360024572,2.830368724,4.165132994,4.096252252,3.754425146,3.654176466,3.570222415,3.793242563,3.390631252,3.583060319,4.049968902
Morocco,MAR,Lower middle income,CO2 emissions (metric tons per capita),EN.ATM.CO2E.PC,0.875946152,0.928330252,0.982443203,0.993301371,1.058136454,1.081711646,1.05501596,1.092792889,1.10457155,1.145648308,1.156156811,1.267581905,1.299280439,1.282951644,1.400289741,1.460816863,1.499447048,1.531591112,1.591156644,1.582882718,1.659071914,1.762865194,1.809463467,1.771281366,1.78870378,1.821795354,1.795806751,1.852941845,1.850726784
Mozambique,MOZ,Upper middle income,CO2 emissions (metric tons per capita),EN.ATM.CO2E.PC,0.086238147,0.070528058,0.079675509,0.089764421,0.073588194,0.075565399,0.072679678,0.078672088,0.073748304,0.07132843,0.080736566,0.077379485,0.083670204,0.098804532,0.095929047,0.083439353,0.088234842,0.102891486,0.100553963,0.109632274,0.115589412,0.132299742,0.123478276,0.13536378,0.170051257,0.208564448,0.208049391,0.210129447,0.225115201
Myanmar,MMR,High income,CO2 emissions (metric tons per capita),EN.ATM.CO2E.PC,0.101366419,0.098352378,0.101175222,0.112147375,0.130234082,0.158080806,0.164446293,0.161013705,0.173422241,0.195751182,0.20548078,0.180200711,0.176721546,0.22575798,0.216413273,0.226353741,0.207094985,0.212004967,0.160826308,0.15183969,0.163633689,0.168266268,0.229316297,0.262089763,0.325932174,0.360853051,0.412666941,0.588207515,0.605492803
Namibia,NAM,Lower middle income,CO2 emissions (metric tons per capita),EN.ATM.CO2E.PC,,0.758602519,0.804244831,0.913125732,1.030263358,1.087313084,1.154277621,1.160168643,1.166527588,1.122537434,1.081031081,1.348930479,1.150406774,1.208016761,1.247551418,1.305256728,1.288478064,1.30574588,1.448578876,1.456003467,1.477197591,1.539390309,1.612920128,1.710315531,1.759459072,1.844571323,1.848990095,1.802197016,1.735898378
Nauru,NRU,High income,CO2 emissions (metric tons per capita),EN.ATM.CO2E.PC,13.67557332,13.31148884,11.96410768,10.69310781,10.48018293,10.35196687,9.365926758,9.395847036,9.463423867,8.613264427,8.708272859,7.828554653,7.919223916,7.007007007,7.066424389,7.108042242,5.088022794,4.062563478,4.048582996,4.022121669,3.996403237,3.972589135,3.946329913,4.898119122,4.859558752,4.819741662,5.728470498,6.618133686,6.555534744
Nepal,NPL,High income,CO2 emissions (metric tons per capita),EN.ATM.CO2E.PC,0.049721033,0.060807484,0.061690247,0.068814146,0.082696086,0.08759703,0.088726517,0.096967992,0.100616384,0.132709649,0.13449675,0.142522031,0.112838401,0.120410448,0.110545763,0.123909961,0.100511431,0.101961195,0.11212536,0.144326279,0.171767832,0.192299016,0.222311476,0.226252791,0.264996832,0.239126119,0.342583453,0.399165018,0.428179218
Netherlands,NLD,High income,CO2 emissions (metric tons per capita),EN.ATM.CO2E.PC,9.92207476,10.25030329,10.09340915,10.35096081,10.23348227,10.63069644,11.19861063,10.66451429,10.62696753,10.22255884,10.19119447,10.43238952,10.37220487,10.5058137,10.57378312,10.29236266,10.01523238,10.049631,10.05679759,9.711810757,10.30129048,9.517120693,9.401394047,9.349914356,8.887632902,9.333572532,9.293428178,9.100887639,8.772823734
New Caledonia,NCL,Lower middle income,CO2 emissions (metric tons per capita),EN.ATM.CO2E.PC,,,,,,,,,,,,,,,,,,,,,,,,,,,,,
New Zealand,NZL,Low income,CO2 emissions (metric tons per capita),EN.ATM.CO2E.PC,6.700102108,6.469056679,6.906022595,6.693354235,6.70718232,6.636903142,6.832797428,7.357258086,7.166448231,7.486115095,7.647043575,8.174204355,7.997973914,8.303535956,8.041590214,8.287573478,8.199111026,7.905203845,8.068453918,7.279319481,7.155170432,6.92290146,7.261631996,7.147520317,7.038636112,6.983555343,6.614199953,6.838956291,6.572664572
Nicaragua,NIC,Lower middle income,CO2 emissions (metric tons per capita),EN.ATM.CO2E.PC,0.462448798,0.449904747,0.51323011,0.492997641,0.554945043,0.569624811,0.594739592,0.625562126,0.716810551,0.709270872,0.743690956,0.763793914,0.777878515,0.855990469,0.838780748,0.790631277,0.817954074,0.83541053,0.786951983,0.76407118,0.774374156,0.808058905,0.783949266,0.740623199,0.774899255,0.846826586,0.853430457,0.845752981,0.805815233
Niger,NER,Upper middle income,CO2 emissions (metric tons per capita),EN.ATM.CO2E.PC,0.074751526,0.068768,0.061866936,0.06771782,0.063261345,0.059007687,0.065129343,0.063862005,0.066377639,0.062214534,0.059126893,0.056163693,0.057424175,0.060088632,0.060186285,0.05578197,0.053026134,0.055837756,0.056390067,0.068168344,0.08321173,0.082384981,0.106208362,0.096734341,0.102909629,0.09849181,0.094762615,0.09582274,0.102037038
Nigeria,NGA,High income,CO2 emissions (metric tons per capita),EN.ATM.CO2E.PC,0.71261686,0.773746619,0.862605099,0.821902461,0.764813082,0.755361321,0.787756013,0.736309909,0.658873419,0.626026879,0.622077226,0.679059355,0.669616062,0.672324289,0.654963974,0.708889858,0.646843668,0.615894614,0.609105146,0.481062883,0.572417455,0.627068885,0.602049397,0.644598562,0.658711745,0.597060396,0.583027843,0.591596789,0.667110199
North Macedonia,MKD,High income,CO2 emissions (metric tons per capita),EN.ATM.CO2E.PC,4.303137233,4.204075244,4.319493689,4.480792571,4.334633723,4.321170356,5.081829519,4.527087155,4.921487824,4.531163399,4.352653786,4.417946593,4.172942994,4.544169475,4.388588882,4.595319745,4.592623962,4.800448629,4.680252753,4.36930156,4.248166914,4.682932896,4.429793833,3.992186168,3.763051574,3.613132093,3.565759063,3.788861134,3.549725294
Northern Mariana Islands,MNP,High income,CO2 emissions (metric tons per capita),EN.ATM.CO2E.PC,,,,,,,,,,,,,,,,,,,,,,,,,,,,,
Norway,NOR,Lower middle income,CO2 emissions (metric tons per capita),EN.ATM.CO2E.PC,6.884400773,6.396460406,7.103861725,7.428123111,7.764123753,7.593164225,7.771602087,8.129108679,8.468984516,8.823569621,7.588566115,7.705343073,7.595591076,8.131693121,8.157825393,7.866690632,8.016002825,8.069391672,7.774402648,7.755668887,8.561636831,8.108073186,7.793051929,7.522211786,7.451483601,7.447085509,7.249949804,6.992651841,7.031361189
Oman,OMN,High income,CO2 emissions (metric tons per capita),EN.ATM.CO2E.PC,6.561238038,8.501600783,7.512837372,6.795019174,6.427991599,7.077182574,7.073071716,7.663043019,7.673659852,9.060276784,9.938389919,11.01544733,11.53816503,11.59601771,11.25321199,11.09804106,14.53839248,15.44128661,14.56948057,14.85648007,15.27897193,16.11146005,16.76657525,16.20004223,16.00842261,16.00528292,15.52503484,14.98094912,15.19212436
Pakistan,PAK,Upper middle income,CO2 emissions (metric tons per capita),EN.ATM.CO2E.PC,0.567126621,0.544418959,0.587475538,0.629789828,0.63350157,0.668380315,0.673894593,0.681533269,0.668702448,0.712355399,0.691074356,0.683731254,0.684053552,0.690167048,0.757349942,0.758995376,0.807693446,0.871590792,0.828201814,0.826887883,0.78372735,0.772553017,0.767566767,0.758649973,0.786820566,0.820300353,0.886749485,0.950909547,0.981820105
Palau,PLW,Lower middle income,CO2 emissions (metric tons per capita),EN.ATM.CO2E.PC,0,0,12.61113563,12.28124041,11.9510009,11.65637021,11.36428206,11.10124334,10.86425118,10.65359825,10.99246231,11.34605467,11.20048875,11.10438118,11.58048437,13.14193288,12.79099514,12.52674983,11.22514432,10.93493712,11.69655787,12.3957629,11.90813723,12.49786968,12.4822695,12.45400509,14.67434248,15.16087372,16.19116744
Panama,PAN,Upper middle income,CO2 emissions (metric tons per capita),EN.ATM.CO2E.PC,1.088651877,1.240530059,1.413071454,1.445095498,1.505150483,1.591434287,1.57708908,1.625841347,1.964071231,1.686189102,1.742382768,2.013178877,1.717899336,1.723248208,1.71593427,2.137995605,2.208349685,2.165811393,2.076102524,2.430700587,2.52286016,2.695280346,2.774068559,2.766300773,2.891335759,2.696239628,2.6677744,2.495882403,2.42765632
Papua New Guinea,PNG,Upper middle income,CO2 emissions (metric tons per capita),EN.ATM.CO2E.PC,0.470119976,0.461322646,0.45076564,0.446550077,0.404685348,0.410637002,0.419625844,0.440639199,0.474760054,0.454850331,0.482249953,0.565725693,0.591937095,0.653985665,0.772711542,0.751358527,0.71311535,0.74025083,0.679452997,0.701211823,0.68668241,0.68922175,0.642117425,0.671512513,0.738668331,0.793066209,0.922414875,0.912534407,0.866804457
Paraguay,PRY,Lower middle income,CO2 emissions (metric tons per capita),EN.ATM.CO2E.PC,0.49012493,0.46604472,0.555678165,0.619029493,0.715801818,0.791318441,0.76110383,0.822313137,0.835969803,0.818580669,0.661256139,0.666858005,0.683302368,0.699451782,0.692777455,0.635291835,0.647702129,0.658505642,0.687353485,0.708958674,0.806655936,0.824126249,0.806663853,0.814097965,0.853091829,0.952345926,1.054902434,1.164982151,1.210453778
Peru,PER,High income,CO2 emissions (metric tons per capita),EN.ATM.CO2E.PC,0.934692369,0.876905432,0.900864734,0.920192916,0.937470979,1.04530328,1.120634892,1.108644944,1.038269831,1.10590052,1.074454277,0.983608185,1.016569005,0.984209646,1.13306342,1.125021262,1.105968941,1.203894392,1.350030342,1.447591006,1.569880886,1.66004233,1.639283704,1.663196859,1.755046431,1.766284697,1.827909662,1.717004408,1.69681923
Philippines,PHL,High income,CO2 emissions (metric tons per capita),EN.ATM.CO2E.PC,0.659825325,0.636043444,0.672561006,0.712677845,0.755344104,0.885588716,0.945215021,1.031481492,1.003454989,0.948956702,0.938432506,0.899553398,0.896451385,0.900279668,0.900950418,0.904707422,0.80567832,0.833953336,0.844096146,0.838832482,0.889356818,0.883854313,0.90584929,0.989162121,1.038769688,1.113176292,1.205049261,1.298718327,1.33369096
Poland,POL,High income,CO2 emissions (metric tons per capita),EN.ATM.CO2E.PC,9.189525421,9.193856236,8.950395696,8.94455034,8.814909778,8.80943173,9.199373349,8.916766668,8.235419879,7.992184018,7.729236717,7.676203111,7.514445847,7.792261502,7.904725922,7.895885925,8.234912595,8.220498335,8.086920971,7.791546793,8.247028333,8.159838143,7.969647505,7.842493766,7.517152269,7.609299873,7.894108855,8.237562431,8.235472255
Portugal,PRT,High income,CO2 emissions (metric tons per capita),EN.ATM.CO2E.PC,4.113903954,4.294075391,4.699324611,4.595232659,4.734012075,5.055766027,4.843031237,5.038096338,5.472335376,6.088378078,5.99228486,5.923154167,6.296768091,5.786503087,5.926251788,6.233261261,5.744948247,5.577179245,5.383505126,5.327278971,4.817886902,4.723629323,4.585897803,4.452394238,4.415895223,4.812669843,4.72231143,5.177519101,4.840612761
Puerto Rico,PRI,Upper middle income,CO2 emissions (metric tons per capita),EN.ATM.CO2E.PC,,,,,,,,,,,,,,,,,,,,,,,,,,,,,
Qatar,QAT,Upper middle income,CO2 emissions (metric tons per capita),EN.ATM.CO2E.PC,26.32932654,29.97820886,29.63244066,30.88863143,32.04850072,33.14850413,34.27547839,36.33340805,37.72893906,40.2288575,36.67714826,38.19431459,43.06632214,42.4030238,42.35848205,47.69993414,43.98144527,41.89780219,38.44306626,34.54497554,33.54470032,32.30572603,33.37313156,31.92701809,32.69353229,32.47056953,32.128042,32.17937063,32.41563917
Romania,ROU,Low income,CO2 emissions (metric tons per capita),EN.ATM.CO2E.PC,7.440359782,6.190123931,5.527262887,5.167972278,5.063305396,5.322190223,5.479905304,5.028824627,4.415891986,3.804728009,3.960259985,4.252219753,4.306850612,4.617525479,4.509189647,4.493968837,4.668355214,4.618114405,4.635825274,3.953359587,3.827751952,4.16676428,4.074676308,3.603438063,3.586823815,3.678916669,3.610752001,3.782790244,3.845132759
Russian Federation,RUS,Lower middle income,CO2 emissions (metric tons per capita),EN.ATM.CO2E.PC,14.63052427,14.43061635,13.50110639,12.27135261,10.8678168,10.54686908,10.35622748,9.647814739,9.605894691,9.891330474,10.16051714,10.21075436,10.2660241,10.52336359,10.64863317,10.66654578,11.11565211,11.1446289,11.3010597,10.4714525,11.08271541,11.62401683,11.63994391,11.31666091,11.17274176,10.80890931,10.60603144,10.77664459,11.12661837
Rwanda,RWA,High income,CO2 emissions (metric tons per capita),EN.ATM.CO2E.PC,0.071341521,0.066347371,0.071617858,0.076631313,0.077489959,0.077101134,0.07649949,0.074767543,0.068937784,0.066655664,0.065543288,0.063174648,0.061705973,0.059599213,0.059904273,0.057690872,0.05639508,0.058228815,0.055645779,0.057243501,0.056776652,0.06314767,0.068248593,0.072145147,0.073080757,0.081800915,0.089983322,0.087639054,0.087790824
Samoa,WSM,Lower middle income,CO2 emissions (metric tons per capita),EN.ATM.CO2E.PC,0.675688127,0.670731707,0.725119343,0.718059802,0.711368258,0.705674802,0.759501066,0.755528434,0.810002372,0.806423741,0.859825513,0.855217396,0.906978062,0.90150495,0.951863693,1.057188324,1.050455013,1.043697987,1.036721777,1.029514557,1.021813019,1.066843051,1.057702986,1.048701707,1.092498179,1.240245982,1.542099311,1.535642257,1.631587535
San Marino,SMR,High income,CO2 emissions (metric tons per capita),EN.ATM.CO2E.PC,,,,,,,,,,,,,,,,,,,,,,,,,,,,,
Sao Tome and Principe,STP,Lower middle income,CO2 emissions (metric tons per capita),EN.ATM.CO2E.PC,0.419424382,0.410007462,0.321094289,0.393496293,0.386321141,0.379711268,0.373694871,0.368104483,0.362699938,0.357234717,0.351459259,0.345399282,0.406917599,0.46541006,0.455326013,0.508026824,0.494816794,0.481067007,0.525940557,0.51172126,0.554409775,0.541943735,0.636962961,0.624752702,0.613098857,0.601687734,0.590490156,0.627758516,0.663406498
Saudi Arabia,SAU,Upper middle income,CO2 emissions (metric tons per capita),EN.ATM.CO2E.PC,10.24961152,11.12582087,11.53466539,11.60876835,12.01187517,11.93210503,12.29861988,11.07479114,11.64669132,11.61354032,11.82452052,11.72495169,12.24058971,12.38430763,12.71836742,12.97311596,13.40296371,13.79931195,14.76483702,15.00658855,16.01774201,16.15525002,16.76390245,16.61716479,17.36316244,17.69171234,17.1603242,16.33476362,15.26878053
Senegal,SEN,High income,CO2 emissions (metric tons per capita),EN.ATM.CO2E.PC,0.309580822,0.300431835,0.321648442,0.303886748,0.308471769,0.317600779,0.328738032,0.35155444,0.385118301,0.413848586,0.414381656,0.44339924,0.445365255,0.4259368,0.498608429,0.511265745,0.489357485,0.530500438,0.533124526,0.539112315,0.554497611,0.580796995,0.556633754,0.58117477,0.604596628,0.636556012,0.661619418,0.620648569,0.621912357
Serbia,SRB,Low income,CO2 emissions (metric tons per capita),EN.ATM.CO2E.PC,8.161086211,6.872367238,6.39514628,5.612193409,5.124996784,5.945951121,6.916700557,7.53899723,7.571608187,5.408200439,5.852577835,6.153183483,6.631075051,7.098369634,7.7112139,6.922671568,7.253524861,7.123137204,6.986183547,6.42961903,6.399288151,7.023680489,6.313309331,6.441813188,5.430136359,6.36470223,6.551132125,6.680095225,6.521922194
Seychelles,SYC,High income,CO2 emissions (metric tons per capita),EN.ATM.CO2E.PC,2.158056023,2.555402547,2.543702217,2.629648596,2.829997979,2.655901413,3.140662418,4.52670107,5.580498694,6.466857356,7.148931974,7.881579271,6.449840546,6.644036675,9.093664747,8.448188467,8.747044917,7.644091118,8.0500483,5.842058237,4.901414727,4.5745131,5.096089601,4.558138501,5.035081382,5.352230274,5.703602776,6.155900796,6.407474008
Sierra Leone,SLE,High income,CO2 emissions (metric tons per capita),EN.ATM.CO2E.PC,0.078708022,0.082784065,0.105802411,0.106260965,0.111374595,0.058086136,0.069562637,0.053052906,0.059340625,0.033614394,0.087249186,0.090448834,0.106730678,0.111515429,0.104895201,0.085021527,0.108075838,0.090155654,0.089670029,0.087681051,0.091962823,0.11732014,0.132586756,0.155886349,0.168159366,0.131066917,0.130989244,0.129533212,0.133330736
Singapore,SGP,High income,CO2 emissions (metric tons per capita),EN.ATM.CO2E.PC,9.753433721,9.980597005,9.9606958,11.27820343,11.47687894,11.03133319,10.8589524,10.40558603,9.673526748,9.717780203,10.57129954,10.21505013,9.90672781,9.288363591,9.508806086,8.650271628,8.44510737,8.344594941,7.939007265,7.785349708,8.353799255,8.636708073,8.224097528,8.134595702,8.128380884,8.220412567,8.232150937,8.451151436,8.399134832
Sint Maarten (Dutch part),SXM,High income,CO2 emissions (metric tons per capita),EN.ATM.CO2E.PC,,,,,,,,,,,,,,,,,,,,,,,,,,,,,
Slovak Republic,SVK,Lower middle income,CO2 emissions (metric tons per capita),EN.ATM.CO2E.PC,10.34309603,9.039664782,8.689888965,8.322528005,7.799741542,7.901903749,7.84797448,7.852074131,7.680155295,7.535183339,7.064757493,7.172514212,7.0821319,7.135181731,6.969108088,7.169436758,7.049994286,6.925138177,6.887599031,6.282482234,6.575252419,6.322262366,5.986042922,6.084908301,5.619481904,5.669455793,5.80025256,6.173665694,6.058635474
Slovenia,SVN,Low income,CO2 emissions (metric tons per capita),EN.ATM.CO2E.PC,6.771226142,6.371819154,6.426252368,6.808097016,6.841110803,7.271824519,7.688718051,7.920618584,7.821847581,7.518740119,7.310481793,7.720650984,7.781281806,7.726484455,7.866752929,7.963112742,8.127091568,8.07681597,8.603305965,7.613980504,7.717529629,7.662544091,7.374247688,7.087540347,6.38706486,6.382264187,6.745625513,6.842858166,6.774695332
Solomon Islands,SLB,Upper middle income,CO2 emissions (metric tons per capita),EN.ATM.CO2E.PC,0.480971177,0.498782659,0.515145271,0.530189896,0.543987082,0.556675091,0.568309442,0.552634488,0.563089004,0.572720572,0.581585548,0.589693572,0.597105417,0.604005226,0.676045526,0.723530488,0.685948043,0.690870151,0.635720331,0.64055033,0.644108961,0.646326465,0.647405164,0.682618946,0.579138412,0.51398282,0.581171966,0.550288508,0.566740598
Somalia,SOM,Low income,CO2 emissions (metric tons per capita),EN.ATM.CO2E.PC,0.101036818,0.096232815,0.093209675,0.087481123,0.085451629,0.078754378,0.074192831,0.06930337,0.063144622,0.058454954,0.055228381,0.055514923,0.05999157,0.059090744,0.057254258,0.055519096,0.053883795,0.055956063,0.054399383,0.052058038,0.052308698,0.050903723,0.049545881,0.049756153,0.048422286,0.047110994,0.04652594,0.045239052,0.04597479
South Africa,ZAF,High income,CO2 emissions (metric tons per capita),EN.ATM.CO2E.PC,6.729798587,6.424621766,6.175429944,6.217680011,6.21264227,6.375893519,6.486114311,6.721030433,6.787881552,6.280539028,6.331876384,7.035133889,7.181223045,7.558134072,8.034617557,7.887120033,7.827679844,8.080250219,8.568994062,8.004039383,8.300179118,7.867123605,8.076633054,8.13733274,8.213157978,7.671201555,7.564450881,7.632729355,7.496644895
South Sudan,SSD,Lower middle income,CO2 emissions (metric tons per capita),EN.ATM.CO2E.PC,0,0,0,0,0,0,0,0,0,0,0,0,0,0,0,0,0,0,0,0,0,0,0.140404333,0.140028566,0.144956618,0.183843137,0.159704298,0.13931184,0.125729734
Spain,ESP,High income,CO2 emissions (metric tons per capita),EN.ATM.CO2E.PC,5.53215372,5.702608834,5.937021047,5.541234933,5.776615746,6.056280767,5.7683844,6.206345601,6.369906713,6.891100141,7.230107062,7.216328687,7.548593756,7.553396261,7.817921366,8.029202013,7.698212588,7.842252303,7.053994261,6.200857038,5.866642426,5.87043576,5.756947029,5.208060181,5.18406686,5.517944386,5.314294607,5.654039569,5.5203504
Sri Lanka,LKA,Upper middle income,CO2 emissions (metric tons per capita),EN.ATM.CO2E.PC,0.221635184,0.226965148,0.295994317,0.283963689,0.318881886,0.319027927,0.455156967,0.451521115,0.46378604,0.509020568,0.582076331,0.573718096,0.596984358,0.645546024,0.663841669,0.715272887,0.630077909,0.684909276,0.641013323,0.610728507,0.645058188,0.755938085,0.823990208,0.703424824,0.847049764,0.970910825,1.034287601,1.087017348,0.99815413
St. Kitts and Nevis,KNA,High income,CO2 emissions (metric tons per capita),EN.ATM.CO2E.PC,2.732240437,2.724053391,3.686318842,3.402931382,3.604209717,3.564892934,3.531738557,3.733345778,4.164256796,4.12635826,4.310051494,4.708309044,5.092100602,5.027432294,5.181011593,4.695637326,4.859189149,5.233519647,5.189090456,14.40358855,4.896859889,5.258686946,7.016699745,4.570020664,4.52969907,4.687133818,4.842239826,4.61219156,4.958236393
St. Lucia,LCA,Upper middle income,CO2 emissions (metric tons per capita),EN.ATM.CO2E.PC,1.231714474,1.285705102,1.904654411,1.813084894,1.929969672,2.110695781,2.150003023,2.120328651,2.35258752,2.387281596,2.296841205,2.655135791,2.384059426,2.678627048,2.595460416,2.325467541,2.479168934,1.908806757,1.88223115,6.09674666,2.297635733,2.164773439,2.943607278,1.802766119,2.01898972,2.12135253,1.944142022,2.044707248,2.14415306
St. Martin (French part),MAF,Low income,CO2 emissions (metric tons per capita),EN.ATM.CO2E.PC,,,,,,,,,,,,,,,,,,,,,,,,,,,,,
St. Vincent and the Grenadines,VCT,Upper middle income,CO2 emissions (metric tons per capita),EN.ATM.CO2E.PC,0.744262204,0.835096314,1.111718439,1.110740864,1.295588521,1.388336125,1.389107545,1.482923212,1.762408749,1.763128346,1.484409066,1.946372795,2.127757991,2.123299053,2.303722816,2.301665485,2.301983389,2.76456928,2.029501573,9.141865125,2.309255496,2.123436274,3.688845852,2.025335101,2.663776316,2.015851927,2.466496752,2.458434251,2.540604301
Sudan,SDN,High income,CO2 emissions (metric tons per capita),EN.ATM.CO2E.PC,0.266533092,0.229759152,0.208791938,0.141602587,0.199670372,0.185517661,0.171896295,0.204218855,0.18104579,0.194542943,0.203482901,0.217724902,0.262673967,0.263063951,0.281655748,0.325045492,0.39290219,0.414701585,0.438887767,0.443408063,0.459400595,0.434233117,0.420237941,0.391124917,0.403658393,0.457548873,0.513960335,0.498365757,0.483235878
Suriname,SUR,High income,CO2 emissions (metric tons per capita),EN.ATM.CO2E.PC,4.294504269,4.89093458,4.825772956,4.766043343,4.688588114,4.662205132,4.640712885,4.623870179,4.566825708,4.555417079,3.142624176,3.189431232,2.322552817,2.52081207,2.815589046,3.383647572,3.027952154,2.758318482,2.823318289,2.771867646,3.288441694,3.643654342,4.508108128,4.184215094,4.771561493,4.918302524,4.089342395,3.733560502,3.611192614
Sweden,SWE,Low income,CO2 emissions (metric tons per capita),EN.ATM.CO2E.PC,6.233324979,6.294260143,6.547019076,6.481574196,6.661165994,6.596850845,7.19941346,6.486502129,6.593624611,6.465434031,6.005336499,5.901555313,6.052689548,6.16193223,5.958727445,5.560617934,5.38516305,5.152987093,5.005620069,4.611489039,5.132155401,4.718911511,4.427812165,4.223791582,4.03254501,4.000332272,3.909066586,3.811011227,3.538009127
Switzerland,CHE,Lower middle income,CO2 emissions (metric tons per capita),EN.ATM.CO2E.PC,6.452219106,6.716198199,6.646920803,6.26237251,6.089683784,6.169852459,6.223265482,6.030549707,6.223627817,6.23321054,6.084142395,6.24632254,5.980985217,6.109823394,6.127509853,6.165025013,6.077017782,5.76603435,5.878910911,5.639327614,5.777702974,5.205754311,5.310833838,5.37497098,4.851838197,4.712404478,4.730490994,4.569419203,4.401991044
Syrian Arab Republic,SYR,Lower middle income,CO2 emissions (metric tons per capita),EN.ATM.CO2E.PC,2.375831662,2.505579225,2.381012141,2.267588072,2.285225045,2.34847312,2.494891606,2.44805575,2.567375497,2.452854978,2.408772686,2.463237081,2.457764957,2.4277623,2.506194389,3.028128152,3.086689056,3.125022481,3.100071879,2.789793186,2.794611371,2.652523165,2.250125386,1.559366296,1.446764904,1.446874775,1.514980876,1.702185507,1.647087511
Tajikistan,TJK,Upper middle income,CO2 emissions (metric tons per capita),EN.ATM.CO2E.PC,2.085615856,1.883111545,1.393914391,0.922529512,0.533528761,0.435400602,0.382817379,0.422672489,0.457909263,0.415055467,0.353906622,0.340270095,0.331421514,0.331725661,0.387248362,0.360860988,0.385693794,0.46016611,0.420254083,0.324518735,0.321492277,0.329976965,0.37969035,0.392070158,0.541632517,0.563045813,0.687937716,0.717320532,0.80541954
Tanzania,TZA,High income,CO2 emissions (metric tons per capita),EN.ATM.CO2E.PC,0.074988549,0.071383052,0.068988017,0.068490194,0.066336376,0.092076907,0.100839156,0.092649428,0.084262093,0.077106098,0.088061865,0.091025817,0.101033571,0.103473581,0.136437451,0.147723076,0.153228936,0.145275179,0.145744927,0.1376706,0.155818272,0.178659319,0.209763311,0.222964143,0.214569239,0.227066841,0.205846528,0.207828911,0.205634733
Thailand,THA,Low income,CO2 emissions (metric tons per capita),EN.ATM.CO2E.PC,1.565820805,1.706548718,1.858469038,2.092297901,2.313704692,2.602439877,2.886902569,2.90484653,2.528046434,2.608406623,2.591471979,2.704315242,2.853325862,2.956628865,3.212693693,3.303616479,3.313806153,3.386869288,3.431634406,3.309563004,3.505021026,3.474905699,3.715875276,3.851520326,3.779437929,3.82859407,3.780122324,3.766228713,3.714039204
Timor-Leste,TLS,Lower middle income,CO2 emissions (metric tons per capita),EN.ATM.CO2E.PC,0,0,0,0,0,0,0,0,0,0,0,0,0.184242098,0.179493406,0.205784817,0.211027705,0.196765761,0.192977919,0.198971413,0.214095688,0.219475326,0.224587074,0.264783293,0.398859608,0.451320026,0.5099081,0.565903572,0.482602191,0.504741813
Togo,TGO,Low income,CO2 emissions (metric tons per capita),EN.ATM.CO2E.PC,0.257000617,0.238156996,0.19007061,0.156364636,0.220840821,0.231881699,0.312729373,0.169418038,0.259042136,0.357706536,0.257899125,0.233083151,0.257839078,0.343299074,0.325544052,0.311851627,0.272433181,0.253362971,0.258078642,0.451139367,0.409550532,0.380537176,0.329209261,0.251627635,0.222751565,0.248526524,0.30626028,0.268884387,0.286471389
Tonga,TON,Upper middle income,CO2 emissions (metric tons per capita),EN.ATM.CO2E.PC,0.841494073,0.944951335,0.838592004,0.941856084,0.940055777,1.041970575,0.831022053,0.931474524,1.030545365,1.128494486,1.020803985,1.015413984,1.009866395,1.204928156,1.297223941,1.288302216,1.474723244,1.267340632,1.257447961,1.347488378,1.154056991,1.062206686,1.070705498,1.179152582,1.088860952,1.091486406,1.483048753,1.764671281,1.841103111
Trinidad and Tobago,TTO,High income,CO2 emissions (metric tons per capita),EN.ATM.CO2E.PC,11.55495647,10.576776,9.646757258,10.02729967,10.41994291,10.49274438,10.57614546,10.92997671,11.17540713,11.24273791,11.33243737,12.13406132,12.54296474,11.93551704,12.37874143,15.17165099,17.05881992,16.86728572,16.0827845,15.28478993,17.03128576,17.35544612,16.4483713,16.79091798,16.08999829,15.51448846,13.23351455,13.14249382,12.77844012
Tunisia,TUN,Lower middle income,CO2 emissions (metric tons per capita),EN.ATM.CO2E.PC,1.668181375,1.710993704,1.762277169,1.878140514,1.856618639,1.867315405,1.899143605,1.935047337,1.989513623,2.063745821,2.155876793,2.210556248,2.201339829,2.199032667,2.277925238,2.289552615,2.359523786,2.379490038,2.380352252,2.383691484,2.580100411,2.394368505,2.459667854,2.444090628,2.605937977,2.653857785,2.564592069,2.614261782,2.592258865
Turkey,TUR,Upper middle income,CO2 emissions (metric tons per capita),EN.ATM.CO2E.PC,2.581889114,2.62250984,2.687584443,2.747035115,2.674057416,2.876905529,3.120830864,3.206588634,3.160786872,3.096453342,3.425353078,3.081057629,3.194701965,3.316114133,3.35169203,3.460942882,3.797296643,4.152950567,4.07846721,4.035674787,4.108009911,4.326061043,4.405564525,4.190557754,4.410763371,4.47717596,4.692471556,5.127196701,5.01541837
Turkmenistan,TKM,Upper middle income,CO2 emissions (metric tons per capita),EN.ATM.CO2E.PC,12.12005066,9.973112973,7.205418269,6.639591362,7.987645516,7.944691827,6.925044614,6.874659166,6.931043257,8.009165871,8.159644722,8.345590257,8.657233009,9.538738318,9.954509465,10.17109139,10.33863231,11.53970459,11.51797138,10.05999857,11.27533338,12.25532829,12.58564599,12.63049775,12.71238222,12.95172231,12.71905356,12.49811773,12.25964817
Turks and Caicos Islands,TCA,High income,CO2 emissions (metric tons per capita),EN.ATM.CO2E.PC,,,,,,,,,,,,,,,,,,,,,,,,,,,,,
Tuvalu,TUV,Upper middle income,CO2 emissions (metric tons per capita),EN.ATM.CO2E.PC,1.122334456,1.1093854,1.097694841,1.087665869,1.080030241,1.075500108,1.073306858,1.072041166,1.071581655,1.070205479,1.064735945,1.05507491,1.04242677,1.028383381,1.013068585,1.00030009,0.988337616,0.978569332,0.969461949,0.960338039,0.950479992,0.941087898,0.930752048,0.92174394,0.911327805,0.90098207,0.89031339,0.879894413,0.86918731
Uganda,UGA,Low income,CO2 emissions (metric tons per capita),EN.ATM.CO2E.PC,0.04552161,0.045116466,0.044177064,0.042761817,0.036880718,0.047028492,0.050872881,0.052181,0.057871443,0.057510311,0.056236408,0.055352882,0.061190608,0.062354345,0.065992327,0.080550227,0.090999852,0.099707203,0.104496182,0.108560364,0.118723959,0.124265267,0.11314083,0.119626209,0.128415159,0.127140436,0.143004244,0.141862619,0.143462178
Ukraine,UKR,Lower middle income,CO2 emissions (metric tons per capita),EN.ATM.CO2E.PC,13.27040704,12.53699484,11.01889918,9.569330308,8.005754853,7.750500846,6.778787962,6.487846529,6.167974554,6.154728832,6.04719734,6.176226409,6.305486005,6.906706382,6.472697058,6.271286012,6.497208481,6.711337966,6.514089862,5.478213943,5.874332835,6.203112645,6.08180905,5.904640106,5.248479998,4.227086146,4.471757855,3.899968181,4.154180631
United Arab Emirates,ARE,High income,CO2 emissions (metric tons per capita),EN.ATM.CO2E.PC,30.29910246,31.74752305,29.05169877,28.59923567,29.76407103,30.07744196,29.85678902,30.49007603,29.80576664,28.99499634,26.97453501,29.14565622,28.20537955,27.89114345,27.03156411,25.34315035,22.91623744,21.34759078,22.03262691,19.85255706,19.04327931,18.5899326,19.22311613,20.0154209,19.95185248,20.94809226,21.30760952,21.95061433,20.7974984
United Kingdom,GBR,High income,CO2 emissions (metric tons per capita),EN.ATM.CO2E.PC,9.724252827,9.931929003,9.603614785,9.364743235,9.252278701,9.036517846,9.363736624,8.956743523,8.976845013,8.901466411,9.001483618,9.209793836,8.930869498,9.088047281,9.040489079,8.950152419,8.901697739,8.62913807,8.322844364,7.468655396,7.67592643,7.025424601,7.332471327,7.064902559,6.421598191,6.148544958,5.774741668,5.546265944,5.398708138
United States,USA,High income,CO2 emissions (metric tons per capita),EN.ATM.CO2E.PC,19.40922912,19.00573561,19.02508245,19.2381088,19.28061081,19.25393761,19.61109008,20.34787297,20.26688031,20.10571961,20.4719331,20.17500468,19.44947847,19.50870471,19.60357288,19.478026,18.9576435,19.05602695,18.29480563,16.81886848,17.43419587,16.59940374,15.77114462,16.10295784,16.02637907,15.53534211,15.13174682,14.80588242,15.24087458
Uruguay,URY,High income,CO2 emissions (metric tons per capita),EN.ATM.CO2E.PC,1.23810216,1.395427405,1.512145189,1.412956528,1.333896048,1.454590567,1.678274475,1.700223659,1.75627679,2.049573686,1.644710088,1.488510951,1.361977555,1.350919964,1.643842545,1.628635568,1.903528685,1.75583244,2.320205759,2.289773698,1.869452111,2.25888013,2.521474708,2.171452714,1.911517895,1.931411164,1.90704875,1.769167313,1.890244079
Uzbekistan,UZB,Lower middle income,CO2 emissions (metric tons per capita),EN.ATM.CO2E.PC,5.742077036,5.660080183,5.271574432,5.183666029,4.789292577,4.219003731,4.180839612,4.159800566,4.728701509,4.727774544,4.936633888,4.916591393,4.96164705,4.627331804,4.694879245,4.387587419,4.603173105,4.404868245,4.548983987,4.118498671,4.290955942,4.261845846,3.737762179,3.74067559,3.427109309,3.24388397,3.370708901,3.438864292,3.401191282
Vanuatu,VUT,Lower middle income,CO2 emissions (metric tons per capita),EN.ATM.CO2E.PC,0.477571209,0.46444353,0.386657731,0.375603313,0.365568337,0.416267743,0.524105963,0.514529748,0.449471029,0.496527069,0.486581173,0.475664477,0.412526363,0.452352232,0.342930488,0.334476926,0.32652452,0.501221157,0.445037828,0.564618405,0.550343753,0.535733419,0.480952286,0.42862097,0.606317832,0.516361276,0.646723626,0.595448671,0.615016657
"Venezuela, RB",VEN,Low income,CO2 emissions (metric tons per capita),EN.ATM.CO2E.PC,5.252470818,5.094964181,5.095415857,5.240544514,5.137708804,5.332157043,5.835434754,5.951989214,5.690345825,5.369877255,5.555039095,5.570371515,5.799905954,5.404744528,5.490719284,5.961234384,5.582455841,5.607099135,5.915871452,5.848166013,6.026735216,5.891053315,6.264469322,6.3019949,6.269352903,5.780234026,5.428918569,5.058756948,4.782754887
Vietnam,VNM,Lower middle income,CO2 emissions (metric tons per capita),EN.ATM.CO2E.PC,0.270779674,0.263692435,0.272418874,0.335406593,0.363198329,0.404749873,0.44919898,0.520398399,0.574404289,0.571512649,0.629580043,0.692572066,0.812908357,0.856118923,1.016820775,1.097901436,1.131680197,1.23367488,1.363814127,1.512419303,1.698806226,1.676805213,1.639942555,1.692844192,1.837890351,2.257300246,2.390740709,2.348081292,2.698805922
Virgin Islands (U.S.),VIR,High income,CO2 emissions (metric tons per capita),EN.ATM.CO2E.PC,,,,,,,,,,,,,,,,,,,,,,,,,,,,,
West Bank and Gaza,PSE,Lower middle income,CO2 emissions (metric tons per capita),EN.ATM.CO2E.PC,,,,,,,,,,,,,,,,,,,,,,,,,,,,,
"Yemen, Rep.",YEM,Low income,CO2 emissions (metric tons per capita),EN.ATM.CO2E.PC,0.56703735,0.690937429,0.704793064,0.595566317,0.59310583,0.661824774,0.65161429,0.679157489,0.713056645,0.778315573,0.79785992,0.841594455,0.820877217,0.916512988,0.941653511,0.963823497,0.938241022,0.96934037,1.005383254,1.139166434,1.036067859,0.86905073,0.804145731,1.047834042,1.034329677,0.536269296,0.400468047,0.361417938,0.326681763
Zambia,ZMB,Lower middle income,CO2 emissions (metric tons per capita),EN.ATM.CO2E.PC,0.340929635,0.349232211,0.33722439,0.291111264,0.241269619,0.234153214,0.188442077,0.237559142,0.219936727,0.173560366,0.173772089,0.171152851,0.174995607,0.185666543,0.182673845,0.193147172,0.17907724,0.158362525,0.169669202,0.186906807,0.194032244,0.218209839,0.277909358,0.284057583,0.311692501,0.319282188,0.341615023,0.414747987,0.446065443
Zimbabwe,ZWE,Lower middle income,CO2 emissions (metric tons per capita),EN.ATM.CO2E.PC,1.584485424,1.713321439,1.694415977,1.539740958,1.417186242,1.35661892,1.287559412,1.186792976,1.197744563,1.338101327,1.153054813,1.165725392,1.044812939,0.849592217,0.812817998,0.870271068,0.808687692,0.796349846,0.613915543,0.618665464,0.772579157,0.891089823,0.923359696,0.925816482,0.894256225,0.89759836,0.783302583,0.718570496,0.849792905
